INSERT INTO brands (id, name) VALUES
(1, 'INNA'),
(2, 'ORLEN'),
(3, 'BP'),
(4, 'LOTOS'),
(5, 'SHELL'),
(6, 'CIRCLE K');

INSERT INTO `stations` (`id`, `name`, `address`, `city`, `postal_code`, `price_fuel95`, `price_fuel98`, `price_fuel_diesel`, `price_fuel_lpg`, `brand_id`, `opening_hours`, `latitude`, `longitude`, `sum_of_rating`, `rating_count`) VALUES
(1, 'PHU SEGA SP Z OO', 'UDORPIE 36', 'BYTÓW', '77-100', 4.8, 0, 4.93, 0, 1, '6.00 - 22.00', 54.1438, 17.4906, 13, 5),
(2, 'PRZEDSIĘBIORSTWO ROBÓT INŻYNIERYJNYCH WIKING SP.Z O.O.', 'PRZEMYSŁOWA  2', 'BYTÓW', '77-100', 4.6, 5.04, 4.68, 2.08, 1, '', 52.7259, 15.2443, 71, 23),
(3, 'PRZEDSIĘBIORSTWO KOMUNIKACJI SAMOCHODOWEJ W BYTOWIE SPÓŁKA AKCYJNA', 'WYBICKIEGO 2', 'BYTÓW', '77-100', 4.51, 5.2, 4.68, 2.19, 1, '', 53.1605, 23.1922, 10, 6),
(4, 'KMDH SP.Z O.O. (PATR. SHELL)', 'ZIELONA 1', 'BYTÓW', '77-100', 4.56, 5.04, 4.78, 2.34, 5, '', 51.7707, 19.4555, 64, 17),
(5, 'POLSKI KONCERN NAFTOWY ORLEN SPÓŁKA AKCYJNA (STACJA NR 4313)', 'LĘBORSKA 37', 'BYTÓW', '77-100', 4.56, 4.83, 4.73, 2.34, 2, '', 54.4055, 18.5834, 39, 11),
(6, 'POLSKI KONCERN NAFTOWY ORLEN SPÓŁKA AKCYJNA (STACJA NR 139)', 'GDAŃSKA 65', 'BYTÓW', '77-100', 4.65, 0, 4.83, 2.1, 2, '', 53.1308, 18.0083, 34, 14),
(7, 'WB TANK SP. Z O.O. (STACJA SHELL POLSKA SP. Z O.O. NR 8452)', 'UDORPIE 93', 'BYTÓW (UDORPIE)', '77-100', 4.65, 4.99, 4.73, 2.22, 5, '', 54.1539, 17.4931, 63, 13),
(8, 'POLSKI KONCERN NAFTOWY ORLEN SPÓŁKA AKCYJNA (STACJA NR 1301)', 'SŁUPSKA 66', 'KOŁCZYGŁOWY', '77-140', 4.65, 4.99, 4.83, 2.03, 2, '', 54.2435, 17.2191, 15, 5),
(9, 'PRZEDSIĘBIORSTWO HANDLOWE ANDRZEJ KIEDROWSKI, MICHAŁ STOLMAN, JAN SZYCA SPJ', 'POLNA 2', 'LIPNICA', '77-130', 4.65, 4.67, 4.78, 2.17, 1, '', 49.4867, 15.7227, 16, 8),
(10, 'PRZEDSIĘBIORSTWO PRODUKCYJNO-USŁUGOWE \"PRO-TEX\" - SPÓŁKA Z OGRANICZONĄ ODPOWIEDZIALNOŚCIĄ', 'KOSZALIŃSKA 18', 'MIASTKO', '77-200', 4.6, 4.61, 4.93, 2.17, 1, '', 53.1273, 18.0517, 14, 8),
(11, 'PRZEDSIĘBIORSTWO HANDLOWO-USŁUGOWO-HANDLOWE \"ROLMASZ\" SPÓŁKA Z OGRANICZONĄ ODPOWIEDZIALNOŚCIĄ', 'KOSZALIŃSKA 14', 'MIASTKO', '77-200', 4.75, 5.31, 4.58, 2.19, 1, '', 54.457, 17.0001, 75, 15),
(12, 'PHU RAF-OL SP. Z O.O.', 'DWORCOWA 4', 'MIASTKO', '77-200', 4.6, 5.31, 4.73, 2.26, 1, '', 51.1028, 17.0402, 117, 27),
(13, 'POLSKI KONCERN NAFTOWY ORLEN SPÓŁKA AKCYJNA (STACJA NR 77)', 'SŁUPSKA 1', 'MIASTKO', '77-200', 4.56, 5.31, 4.93, 2.24, 2, '', 53.0325, 18.7035, 12, 5),
(14, 'MAŁGORZATA GANŻUMOW FIRMA HANDLOWO-USŁUGOWA \"SZADO\"', 'PASIEKA 27', 'MIASTKO', '77-200', 4.65, 4.83, 4.68, 2.05, 1, '', 53.9835, 16.959, 24, 11),
(15, 'PW ELEKTRO-POL PIOTR SZYCA', 'KARTUSKA 55', 'PARCHOWO', '77-124', 4.56, 4.93, 4.58, 0, 1, '', 54.3498, 18.6267, 12, 5),
(16, 'JDG POLSKA JAROSŁAW GÓRAL', 'SŁAWIEŃSKA 2', 'SUCHORZE', '77-233', 4.7, 5.2, 4.73, 2.29, 1, '', 54.2775, 17.0961, 17, 5),
(17, 'OKTAN BRZESKI, GRZENKIEWICZ S.J.', 'TRZEBIELINO 30', 'TRZEBIELINO', '77-235', 4.7, 0, 4.58, 2.26, 1, '', 54.2098, 17.0902, 137, 32),
(18, 'FH \"XYZ\" PIOTR WIATROWSKI', 'BRZOZOWA 2', 'TUCHOMIE', '77-133', 4.6, 0, 0, 2.05, 1, '', 50.783, 19.143, 76, 16),
(19, 'AUTO-ZENEK. PHU', 'WĘGORZYNKO 6A', 'WĘGORZYNKO', '77-200', 4.75, 4.83, 4.63, 2.1, 1, '', 54.0222, 16.9771, 20, 9),
(20, 'ZAKŁAD KAMENIARSKI RYSZARD OSSOWSKI', 'GDAŃSKA 37', 'BRUSY', '89-632', 4.46, 4.83, 4.58, 2.22, 1, '', 53.1282, 18.0056, 59, 16),
(21, 'POLSKI KONCERN NAFTOWY ORLEN SPÓŁKA AKCYJNA (STACJA NR 548)', 'GDAŃSKA 1B', 'BRUSY', '89-632', 4.8, 4.67, 4.58, 0, 2, '', 53.9726, 18.5309, 43, 15),
(22, 'FIRMA HANDLOWO - USŁUGOWA \"PIOTR\" PIOTR NICIEJEWSKI', 'KAROLEWO 18', 'CHOJNICE', '89-600', 4.46, 5.2, 4.63, 2.12, 1, '', 54.0765, 21.4219, 88, 24),
(23, 'PORT 2000 MARCINKIEWICZ SP.J. (STACJA SHELL POLSKA SP. Z O.O. NR 8242)', 'JEZIORKI 33', 'CHOJNICE', '89-620', 4.46, 0, 4.78, 2.17, 5, '', 53.7236, 17.6986, 84, 23),
(24, 'BP EUROPA SE SPÓŁKA EUROPEJSKA ODDZIAŁ W POLSCE', 'CZŁUCHOWSKA', 'CHOJNICE', '89-600', 4.46, 4.99, 4.58, 2.31, 3, '', 52.229, 20.9138, 45, 18),
(25, 'CIRCLE K POLSKA SPÓŁKA Z OGRANICZONĄ ODPOWIEDZIALNOŚCIĄ', 'PLAC PIASTOWSKI 32', 'CHOJNICE', '89-600', 4.8, 0, 4.83, 2.17, 6, '', 53.6941, 17.5569, 5, 3),
(26, 'POLSKI KONCERN NAFTOWY ORLEN SPÓŁKA AKCYJNA (STACJA NR 838)', 'GDAŃSKA 66', 'CHOJNICE', '89-600', 4.6, 5.15, 4.78, 2.05, 2, '', 53.1315, 18.0097, 33, 15),
(27, 'PRZEDSIĘBIORSTWO KOMUNIKACJI SAMOCHODOWEJ CHOJNICE SPÓŁKA Z OGRANICZONĄ ODPOWIEDZIALNOŚCIĄ', 'DRZYMAŁY 12', 'CHOJNICE', '89-600', 4.46, 4.77, 4.88, 2.17, 1, '', 50.2907, 18.949, 51, 14),
(28, 'LOTOS PALIWA SPÓŁKA Z OGRANICZONĄ ODPOWIEDZIALNOŚCIĄ', 'TUCHOLSKA 1B', 'CHOJNICE', '89-600', 4.6, 0, 4.88, 2.24, 4, '', 53.6962, 17.5929, 152, 31),
(29, 'STACJA PALIW NICIEJEWSCY SPÓŁKA JAWNA (STACJA FRANCZYZOWA PKN ORLEN S.A. NR 7055)', 'KOŚCIERSKA 19A', 'CHOJNICE', '89-600', 4.56, 4.93, 4.58, 2.12, 2, '', 53.7081, 17.5793, 24, 7),
(30, 'ŁUKASZ OSSOWSKI ZAKŁAD WYTWARZANIA DYSTRYBUCJI GAZÓW TECHNICZNYCH EK-GAZ', 'GDAŃSKA 110A', 'CHOJNICE', '89-604', 4.56, 4.61, 4.58, 2.15, 1, '', 53.7023, 17.6003, 15, 8),
(31, 'MIEJSKI ZAKŁAD KOMUNIKACJI SP. Z O.O.', 'ANGOWICKA 53', 'CHOJNICE', '89-600', 4.51, 0, 0, 2.29, 1, '', 53.6833, 17.5672, 64, 20),
(32, 'LOTOS PALIWA SPÓŁKA Z OGRANICZONĄ ODPOWIEDZIALNOŚCIĄ', 'WYBUDOWANIE POD ŁĄG 1', 'CZERSK', '89-650', 4.7, 4.67, 0, 2.29, 4, '', 53.8009, 18.0025, 20, 8),
(33, 'POLSKI KONCERN NAFTOWY ORLEN SPÓŁKA AKCYJNA (STACJA NR 277)', 'STAROGARDZKA 29', 'CZERSK', '89-650', 4.51, 4.88, 4.73, 0, 2, '', 53.8513, 18.4026, 19, 10),
(34, 'LIPOWA SP. Z O.O. (STACJA FRANCZYZOWA PKN ORLEN S.A. NR 7563)', 'LIPOWA 3', 'CZERSK', '89-650', 4.56, 4.67, 0, 2.22, 2, '', 50.0472, 19.9613, 37, 8),
(35, 'FIRMA HANDLOWO-USŁUGOWA \"PIOTR\" PIOTR NICIEJEWSKI', 'KAROLEWO 16', 'KAROLEWO', '89-620', 0, 5.09, 4.58, 2.05, 1, '', 54.0761, 21.4232, 107, 24),
(36, 'ROMGAZ RS SPÓŁKA Z OGRANICZONĄ ODPOWIEDZIALNOŚCIĄ SPÓŁKA KOMANDYTOWA', 'KONARZYNKI 42C', 'KONARZYNKI', '89-607', 4.7, 5.15, 4.68, 2.22, 1, '', 53.82, 17.4056, 15, 10),
(37, 'STACJA PALIW AGA', 'KASZUBSKA 2', 'LEŚNO', '88-634', 4.6, 4.99, 4.78, 2.29, 1, '', 52.2054, 21.0481, 81, 23),
(38, 'STACJA PALIW MARIAN ODEJEWSKI (FR. ORLEN)', 'NIEŻYCHOWICE 1', 'NIEŻYCHOWICE', '89-600', 4.46, 4.77, 4.73, 2.12, 2, '', 53.6812, 17.5388, 32, 7),
(39, 'SHELL POLSKA SPÓŁKA Z OGRANICZONĄ ODPOWIEDZIALNOŚCIĄ (STACJA NR 2209)', 'A1 (42 KM) KIERUNEK GDAŃSK', 'PELPLIN', '83-130', 4.46, 5.31, 4.73, 2.03, 5, '', 51.208, 19.4831, 204, 41),
(40, 'POLSKI KONCERN NAFTOWY ORLEN SPÓŁKA AKCYJNA (STACJA NR 1021)', 'SZCZECINECKA 2', 'CZARNE', '77-320', 4.46, 5.04, 0, 2.19, 2, '', 53.6868, 16.9321, 9, 4),
(41, 'PRODUKTY NAFTOWE CEPEN SP. Z O.O.', 'PLANTOWA 18', 'CZŁUCHÓW', '77-300', 4.46, 4.93, 4.63, 2.26, 1, '', 53.6561, 17.3671, 33, 16),
(42, 'PRZEDSIĘBIORSTWO PKS CZŁUCHÓW SPÓŁKA Z OGRANICZONĄ ODPOWIEDZIALNOŚCIĄ', 'WOJSKA POLSKIEGO 5', 'CZŁUCHÓW', '77-300', 4.65, 4.93, 4.68, 2.1, 1, '', 54.0867, 18.7902, 71, 15),
(43, 'STACJA PALIW ARBI ROMAN BILAK', 'KOSZALIŃSKA 27A', 'CZŁUCHÓW', '77-300', 4.56, 5.31, 4.78, 2.17, 1, '', 53.673, 17.347, 20, 12),
(44, 'STACJA PALIW \"ARBI\" ROMAN BILAK', 'JERZEGO Z DĄBROWY 4', 'CZŁUCHÓW', '77-300', 4.65, 4.72, 4.88, 2.31, 1, '', 53.6752, 17.3621, 16, 6),
(45, 'PRZEDSIĘBIORSTWO WIELOBRANŻOWE \"BAMI\" MIROSŁAW NENCA, BEATA NENCA-GREŃ SPÓŁKA JAWNA', 'JERZEGO Z DĄBROWY 3', 'CZŁUCHÓW', '77-300', 4.51, 4.77, 4.58, 2.08, 1, '', 53.6721, 17.3556, 19, 7),
(46, 'POLSKI KONCERN NAFTOWY ORLEN SPÓŁKA AKCYJNA (STACJA NR 4051)', 'SZCZECIŃSKA 46', 'CZŁUCHÓW', '77-300', 4.7, 4.72, 0, 2.31, 2, '', 51.8017, 19.3665, 53, 16),
(47, '\"ODEJEWSKI-ODAN\" SP. Z O.O. (PART. BP)', 'SIEROCZYN 4A', 'CZŁUCHÓW (SIEROCZYN)', '77-300', 4.56, 5.09, 4.68, 2.08, 3, '', 53.6511, 17.3192, 6, 3),
(48, 'HAWA SPÓŁKA AKCYJNA', 'WOJSKA POLSKIEGO 30A', 'DEBRZNO', '77-310', 4.56, 4.72, 4.58, 2.34, 1, '', 53.7984, 20.4814, 11, 6),
(49, 'STACJA PALIW STELMACH SPÓŁKA JAWNA', 'KRÓLEWSKA', 'DEBRZNO', '77-310', 4.75, 4.99, 0, 0, 1, '', 50.2566, 22.3056, 28, 7),
(50, 'FH-U KOBO-TRADE BOGDAN KOZAKOWSKI', 'PRZEMYSŁOWA 11', 'KOCZAŁA', '77-220', 4.56, 4.83, 4.63, 2.12, 1, '', 52.399, 16.9187, 19, 7),
(51, 'P.H. A. KIEDROWSKI, M. STOLTMAN, J. SZYCA SPÓŁKA JAWNA', 'DWORCOWA 57', 'PRZECHLEWO', '77-320', 4.56, 4.93, 4.93, 2.19, 1, '', 53.7691, 20.4994, 6, 3),
(52, 'P.H. ANDRZEJ KIEDROWSKI MICHAŁ STOLTMAN JAN SZYCA SP. JAWNA', 'MŁYŃSKA 38', 'PRZECHLEWO', '77-320', 4.56, 5.15, 4.58, 2.19, 1, '', 50.9417, 17.3028, 16, 11),
(53, 'PRZEDSIĘBIORSTWO WIELOBRANŻOWE \"BAMI\" MIROSŁAW NENCA, BEATA NENCA-GREŃ SPÓŁKA JAWNA', 'RYCHNOWY', 'RYCHNOWY (CZŁUCHÓW)', '77-300', 4.46, 5.2, 0, 2.08, 1, '', 53.6816, 17.4303, 119, 30),
(54, 'POLSKI KONCERN NAFTOWY ORLEN SPÓŁKA AKCYJNA (STACJA NR 1343)', 'BIAŁOBÓRSKA 26', 'RZECZENICA', '77-304', 4.7, 4.99, 4.83, 2.1, 2, '', 53.764, 17.1044, 44, 15),
(55, 'LOTOS PALIWA SPÓŁKA Z OGRANICZONĄ ODPOWIEDZIALNOŚCIĄ', 'GDAŃSKA 9', 'CEDRY MAŁE', '83-020', 0, 4.88, 4.63, 2.24, 4, '', 53.1253, 18.0028, 34, 9),
(56, 'STACJA LPG MAREK RADECKI', 'KRASICKIEGO 1', 'CEDRY WIELKIE', '83-020', 4.7, 5.09, 4.68, 2.24, 1, '', 50.3388, 19.2216, 11, 5),
(57, 'MOTOSTREFA SPÓŁKA Z OGRANICZONĄ ODPOWIEDZIALNOŚCIĄ', 'LUBOWIDZKA 41', 'GDAŃSK', '80-174', 4.51, 5.04, 4.58, 2.05, 1, '', 54.3266, 18.5356, 8, 5),
(58, 'STACJA LPG MONIKA PODWYSOCKA', 'GOŁĘBIOWO WIELKIE', 'GOŁĘBIOWO WIELKIE', '83-033', 4.46, 5.2, 4.58, 2.31, 1, '', 54.148, 18.549, 60, 13),
(59, 'E.P.T. MASTER SPÓŁKA Z OGRANICZONĄ ODPOWIEDZIALNOŚCIĄ', 'WYBICKIEGO 39', 'KOLBUDY', '83-050', 4.51, 0, 4.88, 2.12, 1, '', 53.4961, 18.7546, 195, 39),
(60, 'POLSKI KONCERN NAFTOWY ORLEN SPÓŁKA AKCYJNA (STACJA NR 1187)', 'GDAŃSKA 36', 'KOSZWAŁY', '83-011', 4.75, 4.67, 0, 2.17, 2, '', 53.4124, 14.5785, 44, 15),
(61, 'LOTOS PALIWA SPÓŁKA Z OGRANICZONĄ ODPOWIEDZIALNOŚCIĄ', 'MODRZEWIOWA 1B', 'KOSZWAŁY', '83-011', 4.51, 5.25, 4.63, 2.24, 4, '', 54.3038, 18.799, 40, 9),
(62, 'STACJA BENZYNOWA STENKA SPÓŁKA KOMANDYTOWA', 'ATENY 2', 'KOWALE', '80-180', 4.46, 4.77, 4.83, 2.12, 1, '', 37.9838, 23.7275, 88, 18),
(63, 'POLSKI KONCERN NAFTOWY ORLEN SPÓŁKA AKCYJNA (STACJA NR 4433)', 'GLAZUROWA 2', 'KOWALE', '80-180', 4.51, 5.25, 4.83, 0, 2, '', 52.2198, 20.8988, 129, 29),
(64, 'STACJA LPG W. I W. KŁOS', 'LEŚNA 2', 'ŁĘGOWO', '83-031', 4.8, 5.31, 0, 2.29, 1, '', 53.7815, 20.4651, 105, 21),
(65, 'HURTOWNIA PALIW KAZIMIERZ MASZK', 'KASZUBSKA 2', 'PIEKŁO DOLNE', '83-047', 4.8, 4.67, 4.88, 2.29, 1, '', 52.2054, 21.0481, 94, 22),
(66, 'COALA BOGDAN KAŁĘDOWSKI', 'GRUNWALDZKA  60', 'PRUSZCZ GDAŃSKI', '83-000', 4.46, 5.2, 0, 2.22, 1, '', 52.3843, 16.8376, 61, 20),
(67, 'STACJA BENZYNOWA STENKA FRANCISZEK', 'POWSTAŃCÓW WARSZAWY 55', 'PRUSZCZ GDAŃSKI', '83-000', 0, 4.99, 4.83, 2.24, 1, '', 52.2771, 21.1282, 105, 29),
(68, 'FHU SUPER-GAZ ZOFIA JACKIEWICZ', 'PRZEMYSŁOWA 1', 'PRUSZCZ GDAŃSKI', '83-000', 0, 0, 4.58, 2.03, 1, '', 52.5534, 19.6915, 48, 17),
(69, '\"STACJA PALIW WŁODARSKI\"  ALEKSANDER WŁODARSKI', 'NOWOWIEJSKIEGO 22A', 'PRUSZCZ GDAŃSKI', '83-000', 4.6, 4.93, 4.93, 2.26, 1, '', 54.2505, 18.6399, 27, 14),
(70, 'CIRCLE K POLSKA SPÓŁKA Z OGRANICZONĄ ODPOWIEDZIALNOŚCIĄ', 'SKALSKIEGO 5', 'PRUSZCZ GDAŃSKI', '83-000', 4.75, 5.31, 4.83, 2.19, 6, '', 52.2293, 21.0779, 34, 8),
(71, 'LOTOS PALIWA SPÓŁKA Z OGRANICZONĄ ODPOWIEDZIALNOŚCIĄ', 'GRUNWALDZKA 111', 'PRUSZCZ GDAŃSKI', '83-000', 4.56, 4.93, 4.63, 2.29, 4, '', 53.132, 17.9717, 22, 8),
(72, 'AMIC POLSKA SPÓŁKA Z OGRANICZONĄ ODPOWIEDZIALNOŚCIĄ', 'GRUNWALDZKA 58A', 'PRUSZCZ GDAŃSKI', '83-000', 4.7, 5.15, 4.68, 2.03, 1, '', 54.2477, 18.6321, 115, 26),
(73, 'AMIC POLSKA SPÓŁKA Z OGRANICZONĄ ODPOWIEDZIALNOŚCIĄ', 'GŁÓWNA 6A', 'PRZEJAZDOWO', '83-021', 4.75, 4.67, 4.73, 2.31, 1, '', 50.8084, 16.2834, 45, 10),
(74, 'LOTOS PALIWA SPÓŁKA Z OGRANICZONĄ ODPOWIEDZIALNOŚCIĄ', 'TCZEWSKA  22', 'PSZCZÓŁKI', '83-032', 4.8, 4.67, 4.58, 2.08, 4, '', 54.241, 18.6211, 162, 36),
(75, 'POLSKI KONCERN NAFTOWY ORLEN SPÓŁKA AKCYJNA (STACJA NR 4004)', 'GDAŃSKA 32', 'PSZCZÓŁKI', '83-023', 0, 4.61, 4.68, 2.05, 2, '', 54.4004, 18.6276, 46, 12),
(76, 'MANAGEMENT OMNIBUS JERZY WYSOCKI', 'BAŁTYCKA 26', 'ROKITNICA', '83-021', 4.51, 4.67, 4.63, 2.15, 1, '', 50.0912, 19.9461, 28, 14),
(77, 'STACJA LPG LIDIA I EUZEBIUSZ ZBLEWSCY', 'ROKITNICA', 'ROKITNICA', '83-000', 4.6, 5.09, 4.68, 2.34, 1, '', 51.1301, 15.985, 126, 30),
(78, 'ANWIM SPÓŁKA AKCYJNA', 'DEKARSKA 42', 'RUSOCIN', '83-031', 4.51, 5.15, 4.68, 2.12, 1, '', 54.2346, 18.6237, 32, 9),
(79, 'STACJA PALIW SPS', 'POZIOMKOWA 4', 'STRASZYN', '83-010', 4.7, 4.72, 0, 2.1, 1, '', 53.0993, 19.036, 10, 5),
(80, 'POLSKI KONCERN NAFTOWY ORLEN SPÓŁKA AKCYJNA (STACJA NR 4427)', 'STAROGARDZKA 9', 'STRASZYN', '83-010', 4.65, 0, 4.68, 2.12, 2, '', 54.277, 18.5879, 10, 4),
(81, 'SEKO S.A., STACJA MARKI CIRCLE K POLSKA SPÓŁKA Z OGRANICZONĄ ODPOWIEDZIALNOŚCIĄ', 'STAROGARDZKA 99', 'STRASZYN', '83-010', 4.7, 4.99, 4.93, 2.19, 6, '', 54.2681, 18.5697, 24, 12),
(82, 'STACJA BENZYNOWA STENKA FRANCISZEK', 'OBJAZDOWA 3A', 'STRASZYN', '83-010', 4.46, 4.67, 4.83, 2.17, 1, '', 54.2779, 18.5943, 42, 15),
(83, 'P.W. \"SAM\" ADAM SZCZEPANEK', 'STAROGARDZKA 36', 'STRASZYN', '83-010', 4.65, 4.77, 4.78, 2.26, 1, '', 54.2758, 18.5854, 35, 10),
(84, 'POLSKI KONCERN NAFTOWY ORLEN SPÓŁKA AKCYJNA NR 1184', 'GDAŃSKA 22', 'TRĄBKI WIELKIE', '83-034', 4.51, 5.04, 4.88, 2.29, 2, '', 50.3178, 18.7712, 77, 17),
(85, '\"FIRMA BARBARA BARBARA ŁBIK\" SPÓŁKA Z OGRANICZONĄ ODPOWIEDZIALNOŚCIĄ', 'SERWISOWA 4', 'WOJANOWO', '83-000', 4.46, 0, 4.93, 2.29, 1, '', 54.2341, 18.605, 104, 22),
(86, '\"OKTAN\" - B I R BRZESCY - SPÓŁKA JAWNA', 'KOŚCIERSKA', 'BORCZ', '83-312', 4.56, 4.67, 4.58, 2.05, 1, '', 54.1404, 18.0187, 21, 11),
(87, 'PHU \"A-Z\"', 'KASZUBSKA DROGA', 'CHWASZCZNO', '83-209', 4.75, 4.77, 4.58, 2.15, 1, '', 54.5686, 18.1041, 37, 14),
(88, 'LOTOS PALIWA SPÓŁKA Z OGRANICZONĄ ODPOWIEDZIALNOŚCIĄ', 'MISZEWKO 19A', 'CHWASZCZYNO', '80-209', 4.46, 5.2, 4.93, 2.34, 4, '', 54.4112, 18.3699, 79, 24),
(89, 'STACJA BENZYNOWA STENKA SPÓŁKA KOMANDYTOWA', 'GDYŃSKA 90', 'CHWASZCZYNO', '80-299', 4.65, 5.2, 0, 0, 1, '', 54.4089, 18.371, 10, 5),
(90, 'FIRMA „RAJ” RAJMUND MACH, (STACJA PARTNERSKA MARKI LOTOS)', 'KARTUSKA 22A', 'DZIERŻĄŻNO', '83-332', 0, 4.72, 4.83, 2.19, 4, '', 54.3505, 18.633, 32, 9),
(91, 'POLSKI KONCERN NAFTOWY ORLEN SPÓŁKA AKCYJNA NR 4465', 'EGIERTOWO', 'EGIERTOWO', '83-312', 4.7, 5.09, 4.58, 0, 2, '', 54.2389, 18.2025, 128, 31),
(92, '\"OKTAN BRZESKI, GRZENKOWICZ\" SPÓŁKA JAWNA', 'KARTUSKA 50', 'GARCZ', '83-333', 4.7, 5.31, 4.83, 0, 1, '', 54.3493, 18.6283, 43, 16),
(93, 'MIELEWCZYK JOLANTA', 'KARTUSKA 40', 'GOWIDLINO', '83-341', 4.75, 0, 4.63, 2.19, 1, '', 54.3496, 18.6298, 95, 25),
(94, 'FIRMA HANDLOWO USŁUGOWA PAT-KAR PATRYCJA KRYSZEWSKA', 'ZAMKOWA 2', 'KARTUZY', '83-300', 0, 0, 4.78, 2.19, 1, '', 53.8157, 22.3369, 109, 27),
(95, 'POLSKI KONCERN NAFTOWY ORLEN SPÓŁKA AKCYJNA (STACJA NR 123)', 'GDAŃSKA 26A', 'KARTUZY', '83-300', 4.8, 5.15, 4.83, 2.15, 2, '', 53.128, 18.006, 180, 38),
(96, 'OKTAN B I R BRZESCY SP J', 'PRZY RZEŹNI 1', 'KARTUZY', '83-300', 4.6, 4.67, 4.73, 2.24, 1, '', 54.3379, 18.2034, 41, 10),
(97, 'FIRMA WIELOBRANŻOWA WOJCIECH MROWIŃSKI', 'WYBICKIEGO 2', 'KLUKOWA HUTA', '83-322', 4.65, 5.25, 4.58, 2.08, 1, '', 53.1605, 23.1922, 15, 10),
(98, 'KASZUBSKIE CENTRUM GAZOWE \"GAZ-ROM\" ROMAN WICZKOWSKI', 'PRZODKOWSKA 11', 'KOBYSEWO', '83-304', 4.8, 5.09, 4.73, 2.22, 1, '', 54.3581, 18.2412, 148, 32),
(99, 'STACJA PALIW ORION S.C. T.SERKOWSKI, P. SERKOWSKI, (STACJA PARTNERSKA MARKI LOTOS)', 'PRZODKOWSKA 33A', 'KOBYSEWO', '83-304', 4.46, 4.99, 4.63, 2.17, 4, '', 54.3635, 18.2624, 64, 21),
(100, '\"OKTAN BRZESKI, GRZENKOWICZ\" SPÓŁKA JAWNA', 'KARTUSKA 35', 'LESZNO', '83-307', 0, 5.2, 4.58, 2.1, 1, '', 54.3503, 18.6296, 54, 15),
(101, 'BOTERM SP.Z O.O.', 'KARTUSKA 21A', 'ŁAPALICE', '83-300', 4.7, 4.88, 4.58, 2.15, 1, '', 54.3463, 18.134, 88, 24),
(102, '\"OKTAN\" - B I R BRZESCY - SPÓŁKA JAWNA', 'KARTUSKA 51', 'MIECHUCINO', '83-334', 4.56, 4.77, 4.63, 2.22, 1, '', 54.3498, 18.6272, 120, 25),
(103, 'LOTOS PALIWA SPÓŁKA Z OGRANICZONĄ ODPOWIEDZIALNOŚCIĄ', 'MISZEWKO 19A', 'MISZEWKO, GM. ŻUKOWO', '80-209', 4.6, 4.88, 4.58, 2.29, 4, '', 54.4112, 18.3699, 192, 39),
(104, 'AUTO CENTRUM WALDER MARCIN WALDER', 'RADUŃSKA 20', 'NIESTĘPOWO', '83-331', 4.6, 4.83, 4.78, 2.12, 1, '', 54.32, 18.091, 65, 22),
(105, 'WCT', 'GDAŃSKA', 'PĘPOWO', '83-330', 4.6, 4.67, 4.88, 2.03, 1, '', 54.352, 18.6466, 118, 25),
(106, 'FIRMA \"RAJ\" RAJMUND MACH, (STACJA PARTNERSKA MARKI LOTOS)', 'GDAŃSKA 16', 'PRZODKOWO', '83-304', 4.65, 5.15, 4.68, 2.19, 4, '', 53.1261, 18.004, 30, 14),
(107, 'STACJA PALIW \"PRZY KARCZMIE\" ANDRZEJ FULARCZYK PRZEDSIĘBIORSTWO HANDLOWO-USŁUGOWE \"KARCZMA\", UBOJNIA DROBIU \"DROBFUL\" JOLANTA FULARCZYK S.C. (STACJA FRANCZYZOWA PKN ORLEN S.A. NR 7604)', 'KCZEWO 80', 'PRZODKOWO', '83-304', 4.75, 4.67, 4.88, 2.26, 2, '', 54.3801, 18.3152, 93, 24),
(108, 'SKŁAD WĘGLA, OLEJ OPAŁOWY TADEUSZ PRANCZK', 'PIWNA 17', 'SIERAKOWICE', '83-340', 4.75, 5.25, 4.93, 2.05, 1, '', 52.2487, 21.0122, 43, 18),
(109, 'POLSKI KONCERN NAFTOWY ORLEN SPÓŁKA AKCYJNA (STACJA NR 1197)', 'LĘBORSKA 29', 'SIERAKOWICE', '83-340', 0, 4.61, 0, 2.29, 2, '', 54.35, 17.889, 117, 28),
(110, 'PRZEDSIĘBIORSTWO USŁUGOWO-HANDLOWE \"ERTT\" SPÓŁKA Z OGRANICZONĄ ODPOWIEDZIALNOŚCIĄ', 'PIWNA 17A', 'SIERAKOWICE', '83-340', 4.6, 0, 4.78, 2.24, 1, '', 50.2987, 18.6799, 52, 12),
(111, 'SHELL GAS POLSKA. SP. Z O.O.', 'SPÓŁDZIELCÓW 1', 'SOMONINO', '83-314', 4.46, 4.72, 4.73, 2.12, 5, '', 50.1337, 20.1119, 37, 16),
(112, 'PILOT MORSKI I DOMINO S.C. MARIA I ZENON SZYMAŃSCY', 'DR. MAJKOWSKIEGO 20', 'STĘŻYCA', '83-322', 4.6, 4.83, 4.83, 2.29, 1, '', 54.1989, 17.939, 18, 8),
(113, 'HOPPE BARTŁOMIEJ', 'ALEJA ZWYCIĘSTWA 45', 'SULĘCZYNO', '83-320', 4.75, 5.31, 4.63, 2.05, 1, '', 54.366, 18.6337, 123, 28),
(114, 'ITRICH TRANSPORT I PALIWA BOGDAN ITRICH', 'KARTUSKA 22', 'SULĘCZYNO', '83-320', 4.75, 5.04, 4.83, 2.19, 1, '', 54.3505, 18.633, 143, 29),
(115, '\"GENERON\" MARCIN ŚRÓBKA , PUNKT SPRZEDAŻY LPG', 'GDAŃSKA', 'ŻUKOWO', '83-330', 4.51, 4.72, 4.58, 2.26, 1, '', 54.352, 18.6466, 26, 14),
(116, '\"OKTAN BRZESKI, GRZENKOWICZ\" SPÓŁKA JAWNA', 'ARMII KRAJOWEJ 22', 'ŻUKOWO', '83-330', 4.56, 4.61, 4.78, 2.31, 1, '', 54.5179, 18.5443, 32, 16),
(117, 'PK BARYŁKA SP.Z O.O.', 'KOŚCIERSKA 9', 'ŻUKOWO', '83-330', 4.8, 4.99, 4.88, 2.12, 1, '', 53.7173, 17.5984, 14, 9),
(118, 'POLSKI KONCERN NAFTOWY ORLEN SPÓŁKA AKCYJNA (STACJA NR 5)', 'GDAŃSKA 39A', 'ŻUKOWO', '83-330', 4.75, 5.04, 4.83, 2.15, 2, '', 52.2786, 20.9675, 99, 27),
(119, 'HURTOWNIA PALIW KAZIMIERZ MASZK (STACJA FRANCZYZOWA PKN ORLEN S.A. NR 7184)', 'KOŚCIERSKA 7', 'BAŁACHY', '83-424', 4.51, 5.09, 4.58, 2.26, 2, '', 54.4078, 18.5425, 99, 27),
(120, 'REPLIŃSKI PALIWA SPÓŁKA Z OGRANICZONĄ ODPOWIEDZIALNOSCIA', 'WYZWOLENIA 53', 'DZIEMIANY', '83-425', 4.75, 4.83, 4.83, 2.08, 1, '', 53.4356, 14.5527, 16, 10),
(121, 'GREEN ZONE', 'KALISKA KOŚCIERSKIE 137', 'KALISKA KOŚCIERSKIE', '83-400', 4.7, 5.15, 4.93, 0, 1, '', 54.1589, 18.0359, 35, 10),
(122, 'STACJA PALIW NR 1 MASZK KAZIMIERZ I ZOFIA', 'KALISZ KASZUBSKI', 'KALISZ KASZUBSKI', '', 4.6, 4.77, 4.68, 2.03, 1, '', 54.045, 17.7863, 32, 13),
(123, 'ZDZISŁAW BONKOWSKI \"A B C\" - ZDZISŁAW BONKOWSKI', 'KOŚCIERSKA HUTA 6G', 'KOŚCIERSKA HUTA', '83-400', 4.56, 4.99, 4.68, 2.24, 1, '', 54.1328, 18.0034, 30, 15),
(124, 'HORSTT-GAZ', 'TARGOWA 22', 'KOŚCIERZYNA', '83-400', 4.7, 4.72, 4.93, 2.19, 1, '', 52.2494, 21.0439, 54, 16),
(125, 'PALIWA \"MASZK\" SPÓŁKA Z OGRANICZONĄ ODPOWIEDZIALNOŚCIĄ', 'DWORCOWA 37', 'KOŚCIERZYNA', '83-400', 4.65, 4.88, 4.83, 0, 1, '', 53.1278, 17.9987, 51, 17),
(126, 'HURTOWNIA PALIW KAZIMIERZ MASZK', 'DROGOWCÓW 12', 'KOŚCIERZYNA', '83-400', 4.46, 5.15, 4.58, 2.34, 1, '', 50.8206, 19.1427, 41, 9),
(127, 'HURTOWNIA PALIW KAZIMIERZ MASZK', 'PRZEMYSŁOWA 12', 'KOŚCIERZYNA', '83-400', 0, 4.67, 0, 2.29, 1, '', 50.0482, 19.9596, 31, 13),
(128, 'POLSKI KONCERN NAFTOWY ORLEN SPÓŁKA AKCYJNA (STACJA NR 216)', 'WOJSKA POLSKIEGO 24', 'KOŚCIERZYNA', '83-400', 4.8, 5.04, 4.58, 0, 2, '', 51.7525, 18.07, 89, 19),
(129, 'F.U.H. \"MAJA\" JACEK KNITTER', 'ŁĄKOWA 1', 'LINIEWO', '83-420', 4.75, 5.2, 4.63, 2.31, 1, '', 50.4954, 16.3862, 168, 37),
(130, 'STACJA PALIW ZYGMUNT PETKE (STACJA PARTNERSKA MARKI BP)', 'KORNE', 'ŁUBIANA (KORNE)', '83-407', 4.75, 5.31, 4.83, 2.03, 3, '', 54.1366, 17.8588, 103, 27),
(131, 'PRZEDSIĘBIERSTWO HANDLOWO-USŁUGOWE \"ŁUGAMA\" SPÓŁKA Z OGRANICZONĄ ODPOWIEDZIALNOŚCIĄ (PART. LOTOS)', 'GDAŃSKA 10', 'NOWA KARCZMA', '83-404', 4.56, 4.67, 4.73, 2.12, 4, '', 53.1253, 18.0033, 33, 10),
(132, 'STACJA BENZYNOWA FRANCISZEK STENKA', 'KOŚCIERSKA 41', 'STARA KISZEWA', '83-430', 4.8, 5.2, 0, 2.05, 1, '', 53.9918, 18.1789, 107, 29),
(133, 'PRZEDSIĘBIORSTWO HANDLOWO-USŁUGOWE MARIAN WIĄCKOWSKI', 'KOŚCIERSKA 7', 'WIELE', '83-441', 4.7, 5.09, 4.63, 0, 1, '', 54.4078, 18.5425, 169, 35),
(134, 'PRZEDSIĘBIORSTWO USŁUGOWO HANDLOWE ERTT SP. Z O.O.', 'WIELKI KLINCZ 1', 'WIELKI KLINCZ', '83-423', 4.51, 4.93, 4.68, 2.05, 1, '', 54.1011, 18.0641, 124, 25),
(135, 'OLKOP SPÓŁKA Z OGRANICZONĄ ODPOWIEDZIALNOŚCIĄ', 'GRUDZIĄDZKA', 'GARDEJA', '82-520', 4.46, 4.61, 4.83, 2.22, 1, '', 53.0362, 18.6094, 47, 10),
(136, 'P.W. \"MOTO-POL\" SP. J. MARIA LEDÓCHOWSKA-PSZUK I JAN LEDÓCHOWSKI', 'GRUDZIĄDZKA 17A', 'GARDEJA', '82-520', 4.7, 5.09, 4.93, 2.08, 1, '', 53.605, 18.9399, 43, 10),
(137, 'P.H.Z. WARO WALDEMAR ROZPIĄTKOWSKI', 'ŻWIROWA 2', 'KWIDZYN', '82-500', 4.65, 5.09, 4.78, 2.31, 1, '', 50.0588, 21.9989, 134, 29),
(138, 'PRZEDSIĘBIORSTWO WIELOBRANŻOWE „KARGAZ” S.C. SYLWESTER TOBIASZ, ANDRZEJ KISIELEWSKI', 'PLANTOWA', 'KWIDZYN', '82-500', 4.8, 4.88, 4.68, 2.22, 1, '', 51.7908, 19.407, 23, 8),
(139, 'WASBRUK SP.Z O.O.WASBRUK SPÓŁKA Z OGRANICZONĄ ODPOWIEDZIALNOŚCIĄ', 'KRÓTKA 4', 'KWIDZYN', '82-500', 4.6, 5.04, 4.63, 2.12, 1, '', 51.2482, 22.5529, 67, 18),
(140, 'P.U.P. INSBUD SP. J. , JERZY FILIPCZAK, MARIAN ZARDZEWIAŁY', 'LOTNICZA 1', 'KWIDZYN', '82-500', 0, 4.61, 4.73, 2.08, 1, '', 50.0719, 19.968, 43, 15),
(141, 'GOINVEST SPÓŁKA Z OGRANICZONĄ ODPOWIEDZIALNOŚCIĄ', 'MALBORSKA 14', 'KWIDZYN', '82-500', 4.8, 4.83, 4.93, 2.05, 1, '', 52.2958, 21.0513, 103, 23),
(142, 'POLSKI KONCERN NAFTOWY ORLEN SPÓŁKA AKCYJNA (STACJA NR 4417)', 'MOSTOWA 1A', 'KWIDZYN', '82-500', 4.56, 0, 4.78, 2.15, 2, '', 54.3385, 18.6435, 103, 24),
(143, 'POLSKI KONCERN NAFTOWY ORLEN SPÓŁKA AKCYJNA (STACJA NR 138)', 'SPORTOWA 40', 'KWIDZYŃ', '82-500', 4.46, 5.25, 4.78, 2.12, 2, '', 52.8899, 18.7781, 17, 11),
(144, 'SHELL POLSKA SPÓŁKA Z OGRANICZONĄ ODPOWIEDZIALNOŚCIĄ (STACJA NR 2402)', 'SPORTOWA 4', 'KWIDZYŃ', '82-500', 4.6, 4.72, 4.68, 2.19, 5, '', 49.7853, 22.7741, 45, 15),
(145, 'LOTOS PALIWA SPÓŁKA Z OGRANICZONĄ ODPOWIEDZIALNOŚCIĄ', 'MALBORSKA 145', 'KWIDZYŃ', '82-500', 4.6, 4.77, 4.63, 2.22, 4, '', 53.7542, 18.9391, 57, 12),
(146, 'TADEUSZ SOSNOWSKI', 'KWIDZYŃSKA', 'PRABUTY', '82-550', 4.6, 5.15, 4.88, 2.34, 1, '', 51.1308, 17.094, 73, 18),
(147, 'POLSKI KONCERN NAFTOWY ORLEN SPÓŁKA AKCYJNA (STACJA NR 4426)', 'JAGIEŁŁY 3', 'PRABUTY', '82-550', 4.56, 4.77, 4.93, 2.15, 2, '', 51.1159, 17.0254, 8, 5),
(148, 'STACJA PALIW', 'KOSZAROWA 1', 'PRABUTY', '82-550', 4.7, 5.15, 4.58, 2.29, 1, '', 51.1404, 17.0696, 11, 6),
(149, 'STANISŁAW MIKOŁAJKÓW', 'MALBORSKA 6', 'PRABUTY', '82-550', 4.6, 5.09, 4.63, 2.17, 1, '', 52.2937, 21.0491, 29, 11),
(150, 'FIRMA HANDLOWO-USŁUGOWA-IWONA KARCZEWSKA', 'RYPIŃSKA', 'PRABUTY-JULIANOWO', '82-550', 4.75, 5.09, 4.83, 2.29, 1, '', 53.0028, 18.6566, 52, 16),
(151, 'AUTO-GAZ. M.ŚRÓBKA TRASA PRABUTY-SZTUM', 'SIENKIEWICZA', 'PRABUTY-SZTUM', '', 0, 5.31, 4.58, 2.03, 1, '', 53.117, 23.1765, 19, 5),
(152, 'P.H.U. \"BETROL\" TADEUSZ BEDNARZ', 'RAKOWIEC 111 A', 'RAKOWIEC', '82-500', 4.8, 0, 4.68, 0, 1, '', 53.7297, 19.0427, 30, 14),
(153, '\"DUET KWIDZYN\" K. FILARSKI, M. ANACZKOWSKI, M. RYGIELSKA, U. RYGIELSKA', 'ROZPĘDZINY 1D', 'ROZPĘDZINY', '82-500', 4.51, 4.88, 4.83, 2.34, 1, '', 53.7191, 18.9152, 165, 36),
(154, 'ŁUKASZ PAROL \"STILO\"', 'TARTACZNA 1', 'RYJEWO', '82-420', 4.46, 5.09, 0, 2.26, 1, '', 54.6133, 18.2063, 83, 20),
(155, 'STACJA PALIW PUPH LENKIEWICZ', 'KWIDZYŃSKA 35', 'SADLINKI', '82-522', 4.75, 4.99, 0, 2.22, 1, '', 51.1319, 17.0872, 5, 3),
(156, 'JAROSŁAW LANGE, STACJA TANKOWANIA LPG \"JARGAZ\"', 'WEJHEROWSKA', 'KĘBŁOWO', '', 4.75, 5.25, 4.58, 2.34, 1, '', 51.1288, 16.9853, 30, 14),
(157, 'P.H.T. \"SUPHON BIS\" BEATA KUPIEC', 'KOSSAKA 38', 'LĘBORK', '84-300', 4.65, 4.99, 4.58, 2.26, 1, '', 54.5494, 17.748, 63, 23),
(158, 'SHELL POLSKA SPÓŁKA Z OGRANICZONĄ ODPOWIEDZIALNOŚCIĄ (STACJA NR 2603)', 'SŁUPSKA 26', 'LĘBORK', '84-300', 4.6, 5.04, 4.78, 2.22, 5, '', 54.5267, 17.7379, 38, 8),
(159, 'SKALAR SP. Z O.O.', 'KOSSAKA 62', 'LĘBORK', '84-300', 4.8, 0, 4.68, 0, 1, '', 53.1122, 17.9775, 22, 12),
(160, 'CIRCLE K POLSKA SPÓŁKA Z OGRANICZONĄ ODPOWIEDZIALNOŚCIĄ', 'ABRAHAMA 2', 'LĘBORK', '84-300', 0, 4.88, 4.63, 2.31, 6, '', 38.8893, -77.0502, 11, 7),
(161, '\"OKTAN BRZESKI, GRZENKOWICZ\" SPÓŁKA JAWNA', 'KOSSAKA 50', 'LĘBORK', '84-300', 4.56, 4.93, 4.88, 2.34, 1, '', 54.5504, 17.7468, 58, 12),
(162, 'P.H.U. \"MYSZKOWSKI\" MAREK MYSZKOWSKI', 'PIONIERÓW 19', 'LĘBORK', '84-300', 4.75, 4.67, 4.88, 2.34, 1, '', 54.5458, 17.7228, 124, 25),
(163, '\"ARKADA\" KWIDZIŃSCY & SAWICCY S.J., (STACJA PARTNERSKA MARKI LOTOS)', 'KRZYWOUSTEGO 15A', 'LĘBORK', '84-300', 4.46, 4.93, 4.78, 2.15, 4, '', 54.5307, 17.7638, 55, 11),
(164, 'POLSKI KONCERN NAFTOWY ORLEN SPÓŁKA AKCYJNA NR 1183', 'DŁUGA 33', 'LĘBORK', '84-300', 4.65, 0, 4.68, 2.17, 2, '', 50.0702, 19.9369, 5, 3),
(165, 'POLSKI KONCERN NAFTOWY ORLEN SPÓŁKA AKCYJNA NR 179', 'I ARMII WOJSKA POLSKIEGO 13', 'LĘBORK', '84-300', 4.7, 5.2, 4.83, 2.15, 2, '', 54.5115, 18.543, 46, 12),
(166, 'PHU MITA', 'WITOSA  42', 'LĘBORK MOSTY', '84-300', 4.6, 5.15, 0, 2.34, 1, '', 54.5451, 17.7915, 24, 13),
(167, 'POLSKI KONCERN NAFTOWY ORLEN SPÓŁKA AKCYJNA NR 1178', 'KOŚCIUSZKI 122', 'ŁEBA', '84-360', 4.51, 5.2, 4.88, 2.34, 2, '', 51.7553, 19.4573, 51, 12),
(168, 'ADAM BUGAJSKI FIRMA HANDLWO-USŁUGOWA \"A.B.\"', 'WYBRZEŻE 11', 'ŁEBA', '84-360', 4.51, 5.2, 4.93, 0, 1, '', 54.7596, 17.5506, 10, 5),
(169, 'P.H.U. \"EFA\" STACJA PALIW, M. BABAŃCZYK, M. ZAJĄC SP. JAWNA', 'GARCZEGORZE 50A', 'NOWA WIEŚ LĘBORSKA', '84-351', 4.8, 4.99, 4.63, 0, 1, '', 54.5932, 17.7214, 180, 38),
(170, 'PHU EFA STACJA PALIW MIECZYSŁAW ZAJĄC, MIECZYSŁAW BABAŃCZYK SP.J. (STACJA PARTNERSKA MARKI BP)', 'GARCZEGORZE 60A', 'NOWA WIEŚ LĘBORSKA', '84-351', 4.51, 4.93, 4.78, 2.24, 3, '', 54.5914, 17.7042, 21, 11),
(171, 'PRZEDSIĘBIORSTWO HANDLOWO-USŁUGOWE \"SIGMA\" BEATA WOLDAŃSKA-KUPCZYK', 'GEN. A. ZAWADZKIEGO 9A', 'DZIERZGOŃ', '82-440', 4.6, 4.67, 4.78, 2.15, 1, '', 53.9197, 19.3486, 17, 8),
(172, 'STACJA LPG BARTER SP. Z O.O.', 'GNOJEWO 40', 'GNOJEWO', '82-213', 4.7, 5.15, 4.88, 2.24, 1, '', 54.0538, 18.9053, 37, 14),
(173, 'GRAD ARKADIUSZ. DYSTRYBUCJA GAZU', 'LASOWICE WIELKIE 4', 'LASOWICE WIELKIE', '82-200', 4.65, 5.09, 4.88, 2.12, 1, '', 50.8636, 18.2395, 200, 40),
(174, 'STACJA PALIW \"INTERMARCHE\"', 'KOTARBIŃSKIEGO 14', 'MALBORK', '82-200', 4.7, 4.83, 4.58, 2.08, 1, '', 54.0238, 19.0436, 27, 8),
(175, 'POLSKI KONCERN NAFTOWY ORLEN SPÓŁKA AKCYJNA (STACJA NR 4008)', 'GROBELNO 69', 'MALBORK', '82-200', 4.65, 0, 4.63, 0, 2, '', 54.0207, 18.9934, 62, 13),
(176, 'FIRMA HANDLOWO-USŁUGOWA \"PIOTR\" PIOTR NICIEJEWSKI (PART. BP)', 'BOCZNA 10', 'MALBORK', '82-200', 4.7, 4.88, 4.78, 2.1, 3, '', 50.2982, 18.9361, 27, 9),
(177, '\"LOTOS PALIWA\" SPÓŁKA Z OGRANICZONĄ ODPOWIEDZIALNOŚCIĄ', 'WOJSKA POLSKIEGO 458', 'MALBORK', '82-200', 4.46, 4.67, 4.73, 2.15, 4, '', 54.0375, 19.0752, 88, 24),
(178, 'PPHU MALNAFT', 'ŁĄKOWA 1', 'MALBORK', '82-200', 4.6, 4.83, 4.88, 2.24, 1, '', 50.4954, 16.3862, 27, 14),
(179, 'SHELL POLSKA SPÓŁKA Z OGRANICZONĄ ODPOWIEDZIALNOŚCIĄ (STACJA NR 7204)', 'WOJSKA POLSKIEGO 13', 'MALBORK', '82-200', 0, 4.67, 4.83, 2.19, 5, '', 53.0204, 18.6184, 76, 19),
(180, 'STACJA PALIW KONTAKT SEWEYN FALKOWSKI', 'BOCZNA 9', 'MALBORK', '82-200', 4.6, 4.77, 4.73, 2.22, 1, '', 50.7898, 15.7626, 39, 15),
(181, 'GENERON SPÓŁKA Z OGRANICZONĄ ODPOWIEDZIALNOŚCĄ', 'WOJSKA POLSKIEGO 90A', 'MALBORK', '82-200', 4.65, 5.31, 4.63, 2.26, 1, '', 54.0364, 19.072, 132, 28),
(182, 'LOTOS PALIWA SPÓŁKA Z OGRANICZONĄ ODPOWIEDZIALNOŚCIĄ', 'AL.RODŁA 65', 'MALBORK', '82-200', 4.56, 4.83, 4.63, 2.1, 4, '', 54.0358, 19.0363, 142, 32),
(183, '\"JARKO\" SPÓŁKA JAWNA ANNA ZIÓŁKOWSKA, JAROSŁAW ZIÓŁKOWSKI', 'DALEKA 117', 'MALBORK', '82-200', 4.65, 4.88, 4.83, 2.12, 1, '', 54.0426, 19.0567, 126, 26),
(184, 'CIRCLE K POLSKA SPÓŁKA Z OGRANICZONĄ ODPOWIEDZIALNOŚCIĄ', 'KOPERNIKA 22', 'MALBORK', '82-200', 4.51, 4.93, 4.88, 2.22, 6, '', 53.9602, 18.527, 18, 6),
(185, 'PHU PERFEKT R. POLAK, J. KUDŁA SP.J.', 'GNOJEWO 2', 'MIŁORADZ', '82-213', 4.7, 4.77, 0, 2.22, 1, '', 54.0533, 18.9156, 70, 18),
(186, 'FIRMA HANDLOWA JOANNA NIEDŹWIECKA', 'BANKOWA 2', 'NOWY STAW', '82-230', 4.65, 4.67, 4.78, 2.12, 1, '', 50.0298, 18.6993, 96, 24),
(187, 'FIRMA HANDLOWA \"FAGA\" KRZYSZTOF GAWLIK', 'MARYNARKI WOJENNEJ 2 E', 'STARE POLE', '82-220', 0, 4.77, 4.63, 2.05, 1, '', 54.052, 19.1915, 38, 8),
(188, 'STACJA PALIW PHU \"LEW-OIL\" MARCIN ZALEWSKI', 'TRASA E-7', 'DWOREK', '', 4.8, 5.31, 4.58, 2.1, 1, '', 51.9712, 20.8345, 116, 29),
(189, 'PPH BOLTEX SP. Z O.O.STACJA LPG', 'KMIECIN', 'KMIECIN', '82-100', 4.7, 5.15, 4.93, 2.34, 1, '', 54.1886, 19.1437, 51, 18),
(190, 'STACJA PALIW-JAROSŁAW STANISŁAW GALIKOWSKI', 'GDAŃSKA 47', 'KRYNICA MORSKA', '82-120', 0, 5.09, 4.73, 2.22, 1, '', 51.7711, 19.4481, 77, 19),
(191, 'ROMAN GOLIK STACJA LPG', 'GDAŃSKA 17', 'MIKOSZEWO', '82-103', 4.65, 5.25, 4.68, 2.08, 1, '', 53.8289, 22.353, 11, 6),
(192, 'RORO ROMAN GOLIK', 'ŻUŁAWSKA 17', 'MIKOSZEWO', '82-103', 0, 4.67, 0, 2.19, 1, '', 54.0388, 19.018, 117, 31),
(193, 'FIRMA HANDLOWO-USŁUGOWA ŁUKOIL JOANNA NIEDŹWIECKA', 'JANTAROWA 3A', 'NOWY DWÓR GDAŃSKI', '82-100', 4.65, 5.25, 4.68, 2.17, 1, '', 51.0929, 17.0147, 180, 37),
(194, 'FHU „ NAFT-PETROL\'\' MARZENA JAROS STACJA LPG', 'WARSZAWSKA  36', 'NOWY DWÓR GDAŃSKI', '82-100', 4.6, 5.04, 4.68, 2.29, 1, '', 53.1316, 23.172, 23, 12),
(195, 'POLSKI KONCERN NAFTOWY ORLEN SPÓŁKA AKCYJNA (STACJA NR 129)', 'WARSZAWSKA 2', 'NOWY DWÓR GDAŃSKI', '82-100', 4.51, 5.31, 4.83, 2.34, 2, '', 51.0636, 17.0797, 113, 29),
(196, 'STACJA PALIW \"OFKI\" KRZYSZTOF OFIERSKI', 'PODMIEJSKA 3', 'NOWY DWÓR GDAŃSKI', '82-100', 4.6, 5.25, 4.63, 2.05, 1, '', 51.734, 19.4741, 112, 27),
(197, 'USŁUGI TRANSPORTOWE MAREK KUCHNOWSKI', 'CELBOWO 26 A', 'CELBOWO', '18-315', 4.46, 4.88, 4.83, 2.24, 1, '', 54.6833, 18.3699, 103, 22),
(198, 'FERT SP. Z O.O. (STACJA PARTNERSKA MARKI BP)', 'CELBOWO 23', 'CELBOWO (PUCK)', '84-100', 0, 4.88, 4.73, 2.24, 3, '', 54.6853, 18.3687, 59, 18),
(199, 'OKTAN BRZESKI, GRZENKOWICZ, SPÓŁKA JAWNA', 'MICKIEWICZA 127', 'JASTARNIA', '84-140', 4.8, 4.93, 0, 2.17, 1, '', 54.7077, 18.6523, 32, 14),
(200, '\"OKTAN\" - B I R BRZESCY - SPÓŁKA JAWNA', 'ŻEROMSKIEGO 79', 'KOSAKOWO', '81-198', 4.46, 0, 4.93, 0, 1, '', 54.8083, 18.3729, 24, 11),
(201, 'ABI SP Z OO', 'WEJHEROWSKA 4', 'KROKOWA', '84-100', 4.65, 5.15, 4.83, 2.34, 1, '', 52.4313, 16.8252, 59, 21),
(202, 'POLSKI KONCERN NAFTOWY ORLEN SPÓŁKA AKCYJNA (STACJA NR 4906)', 'LIPOWA 3C', 'PUCK', '84-100', 4.8, 5.2, 4.93, 2.05, 2, '', 50.0472, 19.9613, 20, 9),
(203, 'SHELL POLSKA SPÓŁKA Z OGRANICZONĄ ODPOWIEDZIALNOŚCIĄ', 'HELSKA 14', 'PUCK', '84-100', 4.65, 5.2, 4.58, 2.26, 5, '', 54.7154, 18.3936, 8, 3),
(204, 'POLSKI KONCERN NAFTOWY ORLEN SPÓŁKA AKCYJNA (STACJA NR 480)', 'WEJHEROWSKA 7', 'PUCK', '84-100', 4.8, 5.2, 4.78, 2.19, 2, '', 54.7161, 18.4063, 5, 3),
(205, 'LOTOS PALIWA SPÓŁKA Z OGRANICZONĄ ODPOWIEDZIALNOŚCIĄ', '10 LUTEGO 41B', 'PUCK', '84-100', 4.75, 5.09, 4.73, 2.34, 4, '', 54.717, 18.3934, 45, 13),
(206, 'CIRCLE K POLSKA SPÓŁKA Z OGRANICZONĄ ODPOWIEDZIALNOŚCIĄ', 'STAROWIEJSKA 25', 'WŁADYSŁAWOWO', '84-120', 4.6, 4.72, 4.68, 2.17, 6, '', 54.5211, 18.5378, 41, 11),
(207, 'POLSKI KONCERN NAFTOWY ORLEN SPÓŁKA AKCYJNA NR 810', 'GDAŃSKA 105-107', 'WŁADYSŁAWOWO', '84-120', 4.56, 5.04, 4.78, 2.05, 2, '', 54.6024, 18.2709, 38, 10),
(208, 'PRZEDSIĘBIORSTWO HANDLOWO-USŁUGOWO-PRODUKCYJNE \"ROLMASZ\" SPÓŁKA Z OGRANICZONĄ ODPOWIEDZIALNOŚCIĄ', 'GŁÓWCZYCE, UL. SZOSA SŁUPSKA 3A', 'GŁÓWCZYCE', '76-220', 4.46, 0, 4.93, 2.08, 1, '', 54.6121, 17.3628, 31, 11),
(209, 'POLSKI KONCERN NAFTOWY ORLEN SPÓŁKA AKCYJNA (STACJA NR 1172)', 'SŁUPSKA 1', 'GŁÓWCZYCE', '76-220', 4.75, 0, 4.83, 2.1, 2, '', 53.0325, 18.7035, 78, 25),
(210, 'POLSKI KONCERN NAFTOWY ORLEN SPÓŁKA AKCYJNA (STACJA NR 1023)', 'SIKORSKIEGO 9', 'KĘPICE', '77-230', 4.75, 5.31, 4.68, 2.29, 2, '', 52.1814, 21.044, 155, 31),
(211, 'POLSKI KONCERN NAFTOWY ORLEN SPÓŁKA AKCYJNA (STACJA NR 1307)', 'SZCZECIŃSKA  21', 'KOBYLNICA', '76-251', 4.75, 4.83, 0, 2.22, 2, '', 53.4712, 14.5445, 24, 11),
(212, 'BM REFLEX SPÓŁKA Z OGRANICZONĄ ODPOWIEDZIALNOŚCIĄ SPÓŁKA KOMANDYTOWA', 'SZCZECIŃSKA 7', 'KOBYLNICA', '76-251', 4.56, 5.15, 4.88, 2.05, 1, '', 51.1249, 16.9349, 42, 16),
(213, 'SCAWIN DARIUSZ SKRZYŃSKI', 'GŁÓWNA 41', 'KOBYLNICA', '76-251', 4.8, 4.99, 4.88, 2.29, 1, '', 51.2632, 22.4844, 43, 16),
(214, 'MIEJSKI ZAKŁAD KOMUNIKACJI SP.Z O.O. Z SIEDZIBĄ W SŁUPSKU', 'PROF. POZNAŃSKIEGO 1A', 'KOBYLNICA', '76-251', 4.65, 5.04, 4.58, 2.26, 1, '', 54.4479, 16.9964, 152, 31),
(215, 'STACJA PALIW', 'KRUSZYNA 22', 'KRUSZYNA', '76-521', 0, 4.93, 4.88, 2.03, 1, '', 54.3426, 17.0297, 129, 30),
(216, '\"OKTAN BRZESKI, GRZENKOWICZ\" SPÓŁKA JAWNA', 'NOWA DĄBROWA 1B', 'NOWA DĄBROWA (POTĘGOWO)', '76-230', 4.46, 5.04, 4.73, 2.34, 1, '', 50.328, 19.1922, 45, 14),
(217, 'STANISŁAW METRYCKI \"METRYCCY\"', 'NOWE SKÓROWO 15', 'NOWE SKÓROWO (GM. POTĘGOWO)', '76-230', 4.6, 4.77, 4.88, 0, 1, '', 54.4929, 17.4923, 114, 29),
(218, 'HURTEX SP.Z O.O. (STACJA FRANCZYZOWA BLISKA NR 7473)', 'GŁOBINO 1A', 'SŁUPSK', '76-200', 4.56, 5.15, 4.63, 2.24, 1, '', 54.4413, 17.1006, 79, 24),
(219, 'STACJA PALIW HURTEX', 'BAŁTYCKA 10A', 'SŁUPSK', '76-200', 4.8, 5.25, 4.83, 2.26, 1, '', 54.4803, 17.0272, 14, 6),
(220, 'PHUP ROLMASZ SP. Z O.O.', 'KONARSKIEGO 1', 'SŁUPSK', '76-200', 4.56, 4.99, 4.68, 0, 1, '', 52.2386, 20.9156, 4, 2),
(221, '\"OKTAN BRZESKI, GRZENKOWICZ\" SPÓŁKA JAWNA', 'SŁUPSKA 29', 'USTKA', '76-270', 4.51, 4.61, 4.58, 2.08, 1, '', 54.5183, 16.9574, 143, 34),
(222, 'POLSKI KONCERN NAFTOWY ORLEN SPÓŁKA AKCYJNA (STACJA NR 221)', 'GRUNWALDZKA 1', 'USTKA', '76-270', 4.6, 5.04, 4.63, 2.24, 2, '', 53.8948, 14.2242, 50, 13),
(223, 'STACJA BENZYNOWA FRANCISZEK STENKA', 'WYBICKIEGO 2C', 'BĄKOWO', '83-050', 4.8, 5.04, 0, 2.05, 1, '', 53.1605, 23.1922, 45, 17),
(224, 'FIRMA USŁUGOWO HANDLOWA MAJA JACEK KNITTER', 'GDAŃSKA 89', 'BOBOWO', '83-212', 4.51, 4.99, 4.73, 2.12, 1, '', 53.1489, 18.0269, 4, 2),
(225, 'PRZEDSIĘBIORSTWO PRODUKCYJNO-USŁUGOWO-HANDLOWE \"MARVES\" POLSKO-AMERYKAŃSKA SPÓŁKA Z OGRANICZONĄ ODPOWIEDZIALNOŚCIĄ', 'CHOJNICKA 17', 'CZARNA WODA', '83-262', 4.51, 0, 4.93, 2.24, 1, '', 53.8376, 18.0851, 59, 15),
(226, 'MIECZYSŁAW JANKOWSKI STACJA PALIW', 'PRZEMYSŁOWA 5', 'CZARNA WODA', '83-262', 4.75, 5.25, 4.88, 2.1, 1, '', 52.3235, 21.6913, 78, 23),
(227, 'GENERON MARCIN ŚRÓBKA', 'PELPLIŃSKA', 'JABŁOWO', '83-211', 4.56, 5.09, 4.78, 2.05, 1, '', 53.9283, 18.6979, 17, 8),
(228, 'PRZEDSIĘBIORSTWO WIELOBRANŻOWE \"EDEX\" SPÓŁKA Z OGRANICZONĄ ODPOWIEDZIALNOSCIĄ', 'PELPLIŃSKA 19', 'JANOWO', '83-211', 4.56, 4.83, 4.68, 2.17, 1, '', 53.9609, 18.5389, 14, 4),
(229, 'GENERON MARCIN ŚRÓBKA', 'GDAŃSKA', 'KOKOSZKOWY', '83-207', 4.46, 4.93, 4.93, 0, 1, '', 54.352, 18.6466, 132, 30),
(230, 'LOTOS PALIWA SPÓŁKA Z OGRANICZONĄ ODPOWIEDZIALNOŚCIĄ', 'GDAŃSKA 3', 'KOKOSZKOWY', '83-207', 4.46, 5.25, 4.78, 2.24, 4, '', 52.2733, 20.974, 21, 8),
(231, 'ROLNICZA SPÓŁDZIELNIA PRODUKCYJNA ROLNIK, 83-200', 'GŁÓWNA 1', 'KOTEŻE', '83-200', 4.65, 4.61, 0, 2.19, 1, '', 51.9902, 21.0714, 16, 6),
(232, '\"EKOOPAŁ\" OSSOWSKI, STENKA- SPÓŁKA JAWNA', 'STAROGARDZKA 71', 'LUBICHOWO', '83-240', 4.51, 0, 4.88, 2.17, 1, '', 54.3019, 18.6094, 23, 10),
(233, 'FHU ROLNIK ANNA TRAPP', 'KOŹMIN 2', 'POGÓDKI', '83-236', 4.51, 5.09, 4.93, 2.08, 1, '', 52.0728, 18.674, 106, 26),
(234, 'STACJA PALIW BARBARA SZCZĘSNA', 'KOŚCIERSKA 7', 'SKARSZEWY', '83-250', 4.65, 4.93, 4.78, 2.22, 1, '', 54.4078, 18.5425, 75, 25),
(235, 'POLSKI KONCERN NAFTOWY ORLEN SPÓŁKA AKCYJNA (STACJA NR 770)', 'KOŚCIERSKA 5', 'SKARSZEWY', '83-250', 4.6, 4.88, 4.78, 2.1, 2, '', 54.4086, 18.5445, 96, 24),
(236, 'POLSKI KONCERN NAFTOWY ORLEN SPÓŁKA AKCYJNA (STACJA NR 916)', 'POMORSKA 16', 'SKÓRCZ', '83-220', 4.8, 4.99, 4.68, 2.15, 2, '', 51.7773, 19.4583, 65, 21),
(237, 'LESZEK LIPSKI', 'SMĘTOWO GRANICZNE', 'SMĘTOWO GRANICZNE', '83-230', 4.65, 5.04, 4.83, 2.31, 1, '', 53.7431, 18.6465, 34, 9),
(238, 'GREGOR TRANS GRZEGORZ CHUDZIK (STACJA PARTNERSKA MARKI BP)', 'ADAMA MICKIEWICZA 9A', 'STAROGARD GDAŃSKI', '83-200', 4.56, 4.77, 4.88, 2.29, 3, '', 53.8257, 22.3472, 34, 15),
(239, 'PRZEDSIĘBIORSTWO KOMUNIKACJI SAMOCHODOWEJ W STAROGARDZIE GDAŃSKIM S.A. (STACJA FRANCZYZOWA PKN ORLEN S.A. NR 7448)', 'PELPLIŃSKA 21', 'STAROGARD GDAŃSKI', '83-200', 4.6, 4.61, 4.63, 2.26, 2, '', 53.9586, 18.5408, 104, 24),
(240, '\"OKTAN\" - B I R BRZESCY - SPÓŁKA JAWNA', 'SKARSZEWSKA 5B', 'STAROGARD GDAŃSKI', '83-200', 4.75, 5.31, 4.88, 2.26, 1, '', 53.9761, 18.5182, 59, 12),
(241, 'SHELL POLSKA SPÓŁKA Z OGRANICZONĄ ODPOWIEDZIALNOŚCIĄ (STACJA NR 2604)', 'PIŁSUDSKIEGO 9', 'STAROGARD GDAŃSKI', '83-200', 4.75, 4.99, 4.68, 2.03, 5, '', 51.7586, 19.4618, 42, 13),
(242, 'POLSKI KONCERN NAFTOWY ORLEN SPÓŁKA AKCYJNA (STACJA NR 915)', 'MICKIEWICZA 11C', 'STAROGARD GDAŃSKI', '83-200', 0, 5.31, 4.83, 0, 2, '', 53.9713, 18.5409, 122, 27),
(243, 'CIRCLE K POLSKA SPÓŁKA Z OGRANICZONĄ ODPOWIEDZIALNOŚCIĄ', 'SIKORSKIEGO 32', 'STAROGARD GDAŃSKI', '83-200', 0, 4.72, 4.93, 2.03, 6, '', 53.1842, 22.0546, 29, 9),
(244, 'MAJA', 'DROGA OWIDZKA 1', 'STAROGARD GDAŃSKI', '83-200', 4.46, 4.93, 4.68, 2.15, 1, '', 53.9655, 18.5498, 5, 3),
(245, 'EKOOPAŁ OSSOWSKI, STENKA SP.J.', 'KRASICKIEGO 1', 'STAROGARD GDAŃSKI', '83-200', 4.7, 5.31, 0, 2.29, 1, '', 50.3388, 19.2216, 54, 20),
(246, 'STACJA BENZYNOWA FRANCISZEK STENKA', 'ZBLEWSKA 89', 'STAROGARD GDAŃSKI', '83-200', 4.51, 4.88, 4.78, 2.26, 1, '', 53.954, 18.4863, 82, 22),
(247, '\"LOTOS PALIWA\" SPÓŁKA Z OGRANICZONĄ ODPOWIEDZIALNOŚCIĄ', 'WŁADYSŁAWA JAGIEŁŁY 6', 'STAROGARD GDAŃSKI', '83-200', 4.46, 4.67, 4.68, 2.15, 4, '', 52.1972, 20.8819, 47, 13),
(248, 'POLSKI KONCERN NAFTOWY ORLEN SPÓŁKA AKCYJNA (STACJA NR 4)', 'CHOJNICKA 22', 'ZBLEWO', '83-210', 4.46, 5.09, 4.78, 2.12, 2, '', 53.1412, 17.9523, 18, 9),
(249, 'ZAKŁAD TRANSPORTOWY \"KRAJTRANS\" ANDRZEJ KRAJEWSKI, (STACJA PARTNERSKA MARKI LOTOS)', 'KOŚCIERSKA 12A', 'ZBLEWO', '83-210', 4.46, 0, 0, 2.31, 4, '', 53.7011, 17.5742, 54, 19),
(250, 'TOMASZ ROMAŃSKI- STACJA LPG', 'ZAWADZKIEGO', 'DZIERZGOŃ', '82-440', 4.51, 4.77, 4.68, 2.34, 1, '', 53.4545, 14.4972, 52, 11),
(251, 'SAMODZIELNE PRZEDSIĘBIORSTWO KOMUNIKACJI SAMOCHODOWEJ SP. Z O.O.,', 'ZAWADZKIEGO 20', 'DZIERZGOŃ', '82-440', 4.8, 4.99, 4.78, 2.15, 1, '', 53.4545, 14.4972, 92, 26),
(252, 'NOWIEC SP.Z O.O.', 'NOWIEC 31', 'DZIERZGOŃ', '82-440', 4.51, 5.09, 4.73, 2.12, 1, '', 53.9304, 19.3248, 59, 15),
(253, 'KRZYSZTOF LACKOWSKI STACJA PALIW', 'MYŚLICE 36', 'MYŚLICE (STARY DZIERZGOŃ)', '82-450', 4.56, 5.15, 4.58, 2.22, 1, '', 53.9164, 19.5041, 112, 27),
(254, 'STACJA PALIW STANISŁAW WAWRZYNIEC SZULCZEWSKI', 'STARY DZIERZGOŃ 146', 'STARY DZIERZGOŃ', '82-450', 4.6, 0, 4.88, 2.17, 1, '', 53.8414, 19.4049, 77, 24),
(255, 'POLSKI KONCERN NAFTOWY ORLEN SPÓŁKA AKCYJNA (STACJA NR 4146)', 'WŁADYSŁAWA JAGIEŁŁY 32', 'SZTUM', '82-400', 4.65, 5.31, 4.58, 2.15, 2, '', 51.7105, 19.4494, 73, 17),
(256, '\"RAF\" RAFAŁ BORSUK', 'SIENKIEWICZA 60', 'SZTUM POLE', '82-400', 4.75, 4.88, 4.83, 2.24, 1, '', 51.7612, 19.464, 14, 8),
(257, 'LOTOS PALIWA SPÓŁKA Z OGRANICZONĄ ODPOWIEDZIALNOŚCIĄ', 'KRASICKIEGO 11', 'GNIEW', '83-140', 4.7, 5.31, 4.83, 2.17, 4, '', 53.7491, 20.5062, 50, 15),
(258, 'POLSKI KONCERN NAFTOWY ORLEN SPÓŁKA AKCYJNA (STACJA NR 812)', 'OGRODOWA 5', 'GNIEW', '83-140', 4.8, 5.04, 4.58, 2.08, 2, '', 52.2395, 20.993, 7, 4),
(259, 'CIRCLE K POLSKA SPÓŁKA Z OGRANICZONĄ ODPOWIEDZIALNOŚCIĄ', 'GRĘBLIN 55A', 'GRĘBLIN (RUDNO)', '83-121', 4.56, 4.83, 4.88, 2.22, 6, '', 53.9672, 18.7685, 53, 18),
(260, 'LOTOS PALIWA SPÓŁKA Z OGRANICZONĄ ODPOWIEDZIALNOŚCIĄ', 'MAKOWA 7', 'KNYBAWA', '83-110', 4.75, 4.93, 4.58, 2.17, 4, '', 51.9064, 15.5106, 70, 22),
(261, 'POLSKI KONCERN NAFTOWY ORLEN SPÓŁKA AKCYJNA (STACJA NR 481)', 'STAROGARDZKA (PL. WOLNOSCI 7)', 'PELPLIN', '83-130', 4.8, 4.93, 4.63, 2.08, 2, '', 53.9272, 18.6903, 34, 8),
(262, '\"EKOOPAŁ\" OSSOWSKI, STENKA- SPÓŁKA JAWNA', 'MICKIEWICZA 52', 'PELPLIN', '83-130', 4.75, 4.67, 4.58, 2.03, 1, '', 52.2741, 20.9827, 17, 9),
(263, 'SHELL POLSKA SPÓŁKA Z OGRANICZONĄ ODPOWIEDZIALNOŚCIĄ', 'ROMBARK 13, A1 (42 KM) KIERUNEK ŁÓDŹ', 'ROMBARK', '83-130', 4.75, 4.72, 4.58, 2.05, 5, '', 52.142, 19.4827, 89, 19),
(264, 'E.P.T. MASTER SPÓŁKA Z OGRANICZONĄ ODPOWIEDZIALNOŚCIĄ', 'GDAŃSKA 1', 'SUBKOWY', '83-120', 4.51, 4.72, 4.68, 2.08, 1, '', 51.1163, 17.0647, 74, 19),
(265, '\"MARGO\" -STACJA LPG MAŁGORZATA SKIBROWSKA', 'KWIATOWA 6', 'TCZEW', '83-110', 4.56, 5.2, 4.68, 2.12, 1, '', 54.1618, 19.4149, 160, 32),
(266, 'PRZĘDSIĘBIORSTWO TECHNICZNO USŁUGOWE \"MIGAZ\" DARIUSZ ANTCZAK', 'GŁOWACKIEGO 6', 'TCZEW', '83-110', 4.51, 4.77, 4.83, 0, 1, '', 54.0688, 18.7749, 33, 8),
(267, 'BM REFLEX SPÓŁKA Z OGRANICZONĄ ODPOWIEDZIALNOŚCIĄ SPÓŁKA KOMANDYTOWA', 'KWIATOWA 17', 'TCZEW', '83-110', 4.51, 5.31, 0, 2.19, 1, '', 51.2247, 22.5723, 27, 11),
(268, 'BP EUROPA SE SPÓŁKA EUROPEJSKA ODDZIAŁ W POLSCE', 'BRACI GRIMM 1B', 'TCZEW', '83-110', 4.51, 4.67, 4.78, 2.29, 3, '', 54.0912, 18.7765, 36, 17),
(269, 'ROZETA SPÓŁKA Z OGRANICZONĄ ODPOWIEDZIALNOŚCIĄ (INTERMARCHE)', 'JAGIELLOŃSKA 51', 'TCZEW', '83-110', 4.75, 5.25, 4.63, 2.03, 1, '', 52.2682, 21.0181, 140, 33),
(270, 'MGR GRUPA SPÓŁKA Z OGRANICZONĄ ODPOWIEDZIALNOŚCIĄ', 'GDAŃSKA 20', 'TCZEW', '83-110', 4.75, 5.31, 4.93, 2.05, 1, '', 51.7746, 19.4482, 40, 14),
(271, 'POLSKI KONCERN NAFTOWY ORLEN SPÓŁKA AKCYJNA (STACJA NR 177)', 'AL. SOLIDARNOŚCI 2', 'TCZEW', '83-110', 4.51, 4.83, 4.58, 2.12, 2, '', 52.092, 17.0058, 126, 27),
(272, 'SHELL POLSKA SPÓŁKA Z OGRANICZONĄ ODPOWIEDZIALNOŚCIĄ (STACJA NR 2201)', 'AL. SOLIDARNOŚCI 6', 'TCZEW', '83-110', 4.75, 5.31, 4.58, 2.24, 5, '', 53.139, 23.1352, 38, 17),
(273, '\"HOBET\" SPÓŁKA Z OGRANICZONĄ ODPOWIEDZIALNOSCIĄ', 'PUCKA 20', 'CHOCZEWO', '84-210', 4.8, 4.99, 4.58, 2.19, 1, '', 54.718, 18.4086, 98, 26),
(274, 'F.H.U. \"AGA-OIL\" WOŹNIAK AGNIESZKA', 'OTALŻYŃSKA', 'DONIMIERZ', '84-217', 4.6, 4.83, 4.68, 2.1, 1, '', 54.4491, 18.2124, 122, 27),
(275, 'WCT HAASE WŁADYSŁAW, CZESŁAW, TADEUSZ HAASE, SP. J.', 'GDAŃSKA 21', 'KARCZEMKI', '80-209', 4.51, 5.04, 4.58, 2.34, 1, '', 54.4028, 18.6346, 148, 32),
(276, 'PRZEDSIĘBIORSTWO KOMUNALNE AGORA SP Z O.O.', 'WIEJSKA 1', 'KĄPINO', '84-200', 4.6, 5.09, 4.63, 2.26, 1, '', 52.2245, 21.0274, 48, 16),
(277, '\"OKTAN BRZESKI, GRZENKOWICZ\" SPÓŁKA JAWNA', 'WIEJSKA 1', 'KĘBŁOWO', '84-242', 4.8, 5.2, 4.63, 2.12, 1, '', 52.2245, 21.0274, 98, 23),
(278, 'P.U.H. \"JP\" JAROSŁAW POBŁOCKI', 'WEJHEROWSKA 20', 'KOSTKOWO', '84-251', 4.8, 5.04, 4.88, 2.22, 1, '', 52.2709, 21.048, 34, 11),
(279, 'ELPETROL SPÓŁKA Z OGRANICZONĄ ODPOWIEDZIALNOŚCIĄ', 'SIKORSKIEGO 3', 'LUZINO', '84-242', 4.46, 5.09, 4.73, 2.15, 1, '', 52.7319, 15.2427, 18, 8),
(280, 'BM REFLEX SPÓŁKA Z OGRANICZONĄ ODPOWIEDZIALNOŚCIĄ SPÓŁKA KOMANDYTOWA', 'GDAŃSKA 67A', 'REDA', '84-240', 4.7, 5.09, 4.83, 2.08, 1, '', 54.377, 19.434, 65, 21),
(281, '\"LOTOS PALIWA\" SPÓŁKA Z OGRANICZONĄ ODPOWIEDZIALNOŚCIĄ', 'WEJHEROWSKA 3', 'REDA', '84-240', 4.75, 5.15, 4.63, 2.08, 4, '', 52.2717, 21.0473, 33, 13),
(282, 'LOTOS PALIWA SPÓŁKA Z OGRANICZONĄ ODPOWIEDZIALNOŚCIĄ', 'GRUNWALDZKA 1', 'RUMIA', '84-230', 4.75, 5.09, 4.73, 2.24, 4, '', 53.8948, 14.2242, 25, 12),
(283, 'POLSKI KONCERN NAFTOWY ORLEN SPÓŁKA AKCYJNA NR 4055', 'GRUNWALDZKA 16B', 'RUMIA', '84-230', 0, 4.77, 4.63, 0, 2, '', 54.5804, 16.8699, 69, 23),
(284, 'POLSKI KONCERN NAFTOWY ORLEN SPÓŁKA AKCYJNA (STACJA NR 4069)', 'DĄBROWSKIEGO 74', 'RUMIA', '84-230', 4.51, 5.31, 0, 2.17, 2, '', 52.2008, 21.0105, 76, 24),
(285, '\"OIL TRUST\" SP. Z O.O., NR 6', 'JANA III SOBIESKIEGO 119', 'RUMIA', '84-230', 4.51, 4.99, 4.58, 2.08, 1, '', 54.5542, 18.4145, 73, 18),
(286, '\"AUCHAN POLSKA\" SPÓŁKA Z OGRANICZONĄ ODPOWIEDZIALNOŚCIĄ', 'GRUNWALDZKA 108', 'RUMIA', '84-230', 4.6, 4.93, 4.58, 2.29, 1, '', 54.3787, 18.6049, 86, 26),
(287, 'BP EUROPA SE SPÓŁKA EUROPEJSKA ODDZIAŁ W POLSCE', 'GRUNWALDZKA 2', 'RUMIA', '84-230', 0, 5.25, 4.78, 2.19, 3, '', 54.154, 19.409, 38, 10),
(288, 'SHELL POLSKA SPÓŁKA Z OGRANICZONĄ ODPOWIEDZIALNOŚCIĄ', 'DĄBROWSKIEGO/HUTNICZA', 'RUMIA', '84-230', 4.51, 5.04, 4.73, 2.29, 5, '', 54.5568, 18.4279, 66, 22),
(289, 'KAMA OL, KRYSTYNA MAKAROWSKA', 'GRUNWALDZKA 33', 'RUMIA', '84-230', 4.7, 5.04, 4.73, 2.05, 1, '', 51.7947, 19.4292, 63, 19),
(290, '\"OKTAN BRZESKI, GRZENKOWICZ\" SPÓŁKA JAWNA', 'WEJHEROWKSA 2', 'STRZEBIELINO', '84-220', 4.7, 4.61, 4.88, 2.03, 1, '', 51.1261, 16.9842, 42, 17),
(291, 'STACJA PALIW JDG (STACJA FRANCZYZOWA PKN ORLEN S.A. NR 7378)', 'SUCHORZE 38A', 'STRZEBIELINO', '84-220', 0, 5.25, 4.58, 2.1, 2, '', 54.2771, 17.0943, 16, 7),
(292, '\"CHRIS KAR\" STACJA PALIW JOANNA KIELIŃSKA-ELLWART', 'KS. JÓZEFA ROTTY 45', 'STRZEPCZ', '84-223', 0, 5.04, 4.93, 2.26, 1, '', 54.4543, 18.0299, 144, 31),
(293, 'BOTERM  SP. Z O.O.', 'WEJHEROWSKA 11', 'SZEMUD', '84-217', 0, 4.72, 0, 2.26, 1, '', 54.4894, 18.2148, 14, 7),
(294, 'KRAUZ-OIL SPÓŁKA Z OGRANICZONĄ ODPOWIEDZIALNOŚCIĄ', 'MERCERSTWO 2C', 'SZEMUD', '84-217', 0, 4.77, 4.58, 2.19, 1, '', 54.4932, 18.2073, 20, 12),
(295, 'PATRYK POHNKE GAZ-PON', 'GDAŃSKA 45', 'WEJHEROWO', '84-200', 4.56, 4.77, 4.58, 2.15, 1, '', 53.1295, 18.0061, 31, 12),
(296, 'TBA FIRMA HANDLOWO-USŁUGOWA BARTŁOMIEJ BŁOSZYK', 'OBROŃCÓW HELU 1', 'WEJHEROWO', '84-200', 4.6, 5.04, 4.88, 0, 1, '', 54.797, 18.4017, 115, 24),
(297, 'BP EUROPA SE SPÓŁKA EUROPEJSKA ODDZIAŁ W POLSCE', 'I BRYGADY PANCERNEJ WOJSKA POLSKIEGO 75', 'WEJHEROWO', '84-200', 4.51, 4.72, 4.78, 2.15, 3, '', 54.6073, 18.225, 16, 7),
(298, 'SHELL POLSKA SPÓŁKA Z OGRANICZONĄ ODPOWIEDZIALNOŚCIĄ (STACJA NR 7209)', 'PRZEMYSŁOWA 1', 'WEJHEROWO', '84-200', 4.65, 4.83, 4.58, 2.08, 5, '', 52.5534, 19.6915, 44, 9),
(299, 'POLSKI KONCERN NAFTOWY ORLEN SPÓŁKA AKCYJNA (STACJA NR 1185)', 'I BRYGADY PANCERNEJ WP 106', 'WEJHEROWO', '84-200', 4.75, 4.67, 4.78, 2.22, 2, '', 54.6105, 18.1895, 52, 17),
(300, 'SHELL POLSKA SPÓŁKA Z OGRANICZONĄ ODPOWIEDZIALNOŚCIĄ', 'I BRYGADY PANCERNEJ WOJSKA POLSKIEGO 30', 'WEJHEROWO', '84-200', 4.75, 5.09, 4.58, 0, 5, '', 54.6043, 18.2511, 49, 11),
(301, 'POLSKI KONCERN NAFTOWY ORLEN SPÓŁKA AKCYJNA NR 64', 'GDAŃSKA 103', 'WEJHEROWO', '84-200', 4.7, 5.15, 4.63, 2.26, 2, '', 53.1338, 18.0113, 100, 28),
(302, 'BM REFLEX SPÓŁKA Z OGRANICZONĄ ODPOWIEDZIALNOŚCIĄ SPÓŁKA KOMANDYTOWA', 'ELBLĄSKA 98C', 'GDAŃSK', '80-718', 4.7, 5.31, 0, 2.1, 1, '', 54.3502, 18.7125, 52, 19),
(303, '\"OKTAN\" - B I R BRZESCY - SPÓŁKA JAWNA', 'GDAŃSK, UL. SPACEROWA 60', 'GDAŃSK', '80-299', 4.6, 4.67, 4.68, 2.22, 1, '', 54.4306, 18.482, 13, 7),
(304, 'LOTOS PALIWA SPÓŁKA Z OGRANICZONĄ ODPOWIEDZIALNOŚCIĄ', 'TRAKT ŚW. WOJCIECHA 115-117', 'GDAŃSK', '80-043', 0, 4.67, 4.73, 2.19, 4, '', 54.3268, 18.6338, 148, 31),
(305, 'FIRMA \"SZANK-EL\" SP. JAWNA JAROSŁAW GUTFRAŃSKI, ARKADIUSZ PUCZYŃSKI', 'ŻAGLOWA 2', 'GDAŃSK', '80-560', 4.46, 4.93, 4.68, 2.29, 1, '', 54.3864, 18.6375, 26, 14),
(306, 'H. WOŻNIAK', 'BUDOWLANYCH 21', 'GDAŃSK', '', 4.56, 4.61, 4.78, 2.17, 1, '', 54.3652, 18.4713, 88, 24),
(307, 'PHU \"MIRAS\" MIROSŁAW OSOWSKI', 'B. CHROBREGO 79A', 'GDAŃSK', '80-414', 4.7, 4.83, 4.58, 2.03, 1, '', 54.3929, 18.6186, 7, 4),
(308, 'STACJA PALIW LUKOIL (AMIC POLSKA SPÓŁKA Z OGRANICZONĄ ODPOWIEDZIALNOŚCIĄ)', 'ELBLĄSKA 114', 'GDAŃSK', '80-718', 4.65, 4.72, 4.83, 2.24, 1, '', 54.3446, 18.72, 17, 8),
(309, 'SHELL POLSKA SPÓŁKA Z OGRANICZONĄ ODPOWIEDZIALNOŚCIĄ (STACJA NR 2015)', 'ZŁOTA KARCZMA 1  / WĘZEŁ MATARNIA', 'GDAŃSK', '80-298', 4.8, 0, 4.58, 2.29, 5, '', 54.372, 18.5221, 90, 25),
(310, 'PRZEDSIĘBIORSTWO PRYWATNE INWESTYCJE NIERUCHOMOŚCI', 'GDAŃSK-MATARNIA', 'GDAŃSK', '', 4.46, 4.88, 4.83, 2.15, 1, '', 54.3856, 18.4738, 38, 15),
(311, 'BP EUROPA SE SPÓŁKA EUROPEJSKA ODDZIAŁ W POLSCE', 'GRUNWALDZKA 229/237', 'GDAŃSK', '80-266', 4.65, 0, 4.63, 2.19, 3, '', 54.3908, 18.5866, 36, 15),
(312, 'LOTOS PALIWA SPÓŁKA Z OGRANICZONĄ ODPOWIEDZIALNOŚCIĄ', 'JANA PAWŁA II 25C', 'GDAŃSK', '80-462', 4.8, 4.93, 4.73, 2.17, 4, '', 54.4059, 18.6135, 19, 8),
(313, 'PRZEDSIĘBIORSTWO HANDLOWO-USŁUGOWE \"WENA\" ARTUR FARIAN', 'LIPUSKA 2', 'GDAŃSK', '', 4.46, 4.67, 4.78, 0, 1, '', 54.076, 17.8004, 144, 31),
(314, 'SZCZEPANEK MAREK', 'STAROGARDZKA', 'GDAŃSK', '', 4.6, 4.61, 0, 2.19, 1, '', 54.3022, 18.6087, 75, 21),
(315, 'ANWIM SPÓŁKA AKCYJNA', 'ŚNIEŻNA 1', 'GDAŃSK', '80-554', 4.51, 4.83, 0, 2.19, 1, '', 54.3909, 18.6585, 110, 25),
(316, 'POLSKI KONCERN NAFTOWY ORLEN SPÓŁKA AKCYJNA (STACJA NR 4072)', 'ŚWIĘTOKRZYSKA 2', 'GDAŃSK', '80-041', 0, 4.83, 4.88, 2.08, 2, '', 50.0746, 19.9288, 61, 21),
(317, 'SHELL POLSKA SPÓŁKA Z OGRANICZONĄ ODPOWIEDZIALNOŚCIĄ', 'TRAKT ŚW. WOJCIECHA 223/225', 'GDAŃSK', '80-017', 4.75, 5.2, 4.68, 0, 5, '', 54.3149, 18.6307, 93, 23),
(318, 'BP EUROPA SE SPÓŁKA EUROPEJSKA ODDZIAŁ W POLSCE', 'WITOSA/MILSKIEGO', 'GDAŃSK', '80-809', 4.65, 4.72, 4.78, 2.08, 3, '', 54.3383, 18.6033, 70, 17),
(319, 'SHELL POLSKA SPÓŁKA Z OGRANICZONĄ ODPOWIEDZIALNOŚCIĄ', 'ŚWIĘTOKRZYSKA 1', 'GDAŃSK', '80-180', 4.65, 4.72, 4.63, 2.17, 5, '', 52.2366, 21.0192, 37, 14),
(320, 'POLSKI KONCERN NAFTOWY ORLEN SPÓŁKA AKCYJNA (STACJA NR 4393)', 'SŁOWACKIEGO 198', 'GDAŃSK', '80-298', 4.51, 4.67, 4.63, 0, 2, '', 51.3782, 21.1838, 26, 11),
(321, 'LOTOS PALIWA SPÓŁKA Z OGRANICZONĄ ODPOWIEDZIALNOŚCIĄ', 'CIENISTA 14C', 'GDAŃSK', '80-046', 0, 5.31, 4.68, 2.1, 4, '', 54.3383, 18.6324, 114, 29),
(322, '\"CARREFOUR POLSKA\" SPÓŁKA Z OGRANICZONĄ ODPOWIEDZIALNOŚCIĄ', 'SCHUBERTA 102A', 'GDAŃSK', '80-172', 4.75, 5.25, 4.78, 2.08, 1, '', 54.3526, 18.594, 105, 29),
(323, 'SHELL POLSKA SPÓŁKA Z OGRANICZONĄ ODPOWIEDZIALNOŚCIĄ', 'NOWOLIPIE 2', 'GDAŃSK', '80-172', 4.51, 5.04, 4.78, 2.08, 5, '', 52.246, 20.9989, 80, 17),
(324, '\"LOTOS PALIWA\" SPÓŁKA Z OGRANICZONĄ ODPOWIEDZIALNOŚCIĄ', 'MAŁOMIEJSKA 31', 'GDAŃSK', '80-037', 4.51, 5.2, 0, 2.05, 4, '', 54.3289, 18.6175, 65, 18),
(325, 'AMIC POLSKA SPÓŁKA Z OGRANICZONĄ ODPOWIEDZIALNOŚCIĄ', 'SŁOWACKIEGO 134', 'GDAŃSK', '80-298', 4.51, 4.93, 4.58, 0, 1, '', 54.3759, 18.5209, 16, 10),
(326, 'POLSKI KONCERN NAFTOWY ORLEN SPÓŁKA AKCYJNA (STACJA NR 4003)', 'GRUNWALDZKA 341', 'GDAŃSK', '80-309', 4.65, 5.04, 4.58, 2.12, 2, '', 54.3966, 18.5789, 92, 22),
(327, 'BP EUROPA SE SPÓŁKA EUROPEJSKA ODDZIAŁ W POLSCE', 'POŁĘŻE 19A', 'GDAŃSK', '80-720', 0, 0, 4.58, 2.15, 3, '', 54.3428, 18.6937, 99, 22),
(328, 'SHELL POLSKA SPÓŁKA Z OGRANICZONĄ ODPOWIEDZIALNOŚCIĄ (STACJA NR 2035)', 'JANA PAŁUBICKIEGO 12', 'GDAŃSK', '80-175', 4.7, 4.93, 4.63, 2.1, 5, '', 54.3398, 18.5537, 65, 16),
(329, 'SHELL POLSKA SPÓŁKA Z OGRANICZONĄ ODPOWIEDZIALNOŚCIĄ (STACJA NR 2036)', 'MARYNARKI POLSKIEJ 98A', 'GDAŃSK', '80-557', 4.65, 4.99, 4.78, 2.31, 5, '', 54.3847, 18.6413, 24, 12),
(330, 'BP EUROPA SE SPÓŁKA EUROPEJSKA ODDZIAŁ W POLSCE', 'LUBCZYKOWA 2', 'GDAŃSK', '80-177', 4.56, 4.67, 4.68, 2.08, 3, '', 54.3505, 18.512, 27, 14),
(331, 'LOTOS PALIWA SPÓŁKA Z OGRANICZONĄ ODPOWIEDZIALNOŚCIĄ', 'NA STĘPCE 6 (PŁYWAJĄCA)', 'GDAŃSK', '80-760', 4.8, 4.77, 4.78, 2.26, 4, '', 54.354, 18.6658, 39, 15),
(332, '\"LOTOS PALIWA\" SPÓŁKA Z OGRANICZONĄ ODPOWIEDZIALNOŚCIĄ', 'ELBLĄSKA 87', 'GDAŃSK', '80-718', 4.65, 4.88, 4.83, 2.31, 4, '', 54.3494, 18.6814, 18, 9),
(333, 'LOTOS PALIWA SPÓŁKA Z OGRANICZONĄ ODPOWIEDZIALNOŚCIĄ', 'SUCHARSKIEGO', 'GDAŃSK', '80-601', 4.6, 5.25, 4.73, 2.24, 4, '', 51.2598, 15.5637, 33, 10),
(334, 'BP EUROPA SE SPÓŁKA EUROPEJSKA ODDZIAŁ W POLSCE', 'JABŁONIOWA 51', 'GDAŃSK', '80-175', 4.46, 4.67, 0, 2.05, 3, '', 54.3241, 18.5482, 87, 21),
(335, 'CIRCLE K POLSKA SPÓŁKA Z OGRANICZONĄ ODPOWIEDZIALNOŚCIĄ', 'WARSZAWSKA 17', 'GDAŃSK', '80-180', 4.6, 4.99, 4.73, 2.24, 6, '', 50.0697, 19.9439, 26, 10),
(336, 'PRZEDSIĘBIORSTWO \"OCHMAN\" ERYK OCHMANN', 'TRAKT ŚW. WOJCIECHA 1', 'GDAŃSK', '80-044', 4.51, 5.25, 4.68, 2.1, 1, '', 54.3404, 18.6415, 42, 15),
(337, 'GDAŃSKDIS SPÓŁKA Z OGRANICZONĄ ODPOWIEDZIALNOŚCIĄ', 'OBROŃCÓW WYBRZEŻA 1', 'GDAŃSK', '80-398', 4.65, 4.67, 0, 0, 1, '', 54.4095, 18.5921, 28, 14),
(338, '\"LOTOS PALIWA\" SPÓŁKA Z OGRANICZONĄ ODPOWIEDZIALNOŚCIĄ', 'ASTRONOMÓW 20', 'GDAŃSK', '80-299', 4.7, 4.72, 4.93, 2.15, 4, '', 54.4147, 18.4829, 13, 8),
(339, 'BP EUROPA SE SPÓŁKA EUROPEJSKA ODDZIAŁ W POLSCE', 'SŁOWACKIEGO 187', 'GDAŃSK', '80-298', 4.46, 4.67, 4.63, 2.15, 3, '', 54.3822, 18.4757, 11, 4),
(340, 'POLSKI KONCERN NAFTOWY ORLEN SPÓŁKA AKCYJNA (STACJA NR 76)', 'AL. GRUNWALDZKA 258', 'GDAŃSK', '80-116', 4.75, 5.25, 4.68, 2.22, 2, '', 54.3945, 18.5794, 24, 6),
(341, 'LOTOS PALIWA SPÓŁKA Z OGRANICZONĄ ODPOWIEDZIALNOŚCIĄ)', 'SADOWA  3', 'GDAŃSK', '80-745', 4.7, 4.61, 0, 2.26, 4, '', 50.0851, 19.9545, 46, 17),
(342, 'LOTOS PALIWA SPÓŁKA Z OGRANICZONĄ ODPOWIEDZIALNOŚCIĄ', 'ODYSEUSZA 18', 'GDAŃSK', '80-299', 4.6, 4.72, 4.58, 2.05, 4, '', 54.4339, 18.4867, 25, 14),
(343, '\"LOTOS PALIWA\" SPÓŁKA Z OGRANICZONĄ ODPOWIEDZIALNOŚCIĄ', 'KOŁOBRZESKA 41', 'GDAŃSK', '80-391', 4.8, 4.72, 4.73, 2.15, 4, '', 54.4036, 18.5867, 117, 31),
(344, 'POLSKI KONCERN NAFTOWY ORLEN SPÓŁKA AKCYJNA (STACJA NR 4413)', 'KOŁOBRZESKA 28A', 'GDAŃSK', '80-394', 4.51, 5.25, 4.58, 2.1, 2, '', 54.4025, 18.5843, 29, 13),
(345, 'BP EUROPA SE SPÓŁKA EUROPEJSKA ODDZIAŁ W POLSCE', 'RAKOCZEGO 15', 'GDAŃSK', '80-288', 4.51, 5.04, 4.73, 2.15, 3, '', 54.3581, 18.5842, 52, 20),
(346, 'BP EUROPA SE SPÓŁKA EUROPEJSKA ODDZIAŁ W POLSCE', 'GRUNWALDZKA 276', 'GDAŃSK', '80-309', 4.56, 4.72, 4.73, 2.19, 3, '', 50.222, 19.2488, 120, 24),
(347, 'CIRCLE K POLSKA SPÓŁKA Z OGRANICZONĄ ODPOWIEDZIALNOŚCIĄ', 'MARYNARKI POLSKIEJ 93', 'GDAŃSK', '80-868', 4.65, 4.83, 4.83, 2.1, 6, '', 54.3785, 18.6337, 48, 13),
(348, 'SHELL POLSKA SPÓŁKA Z OGRANICZONĄ ODPOWIEDZIALNOŚCIĄ (STACJA NR 2001)', 'RZECZPOSPOLITEJ 8', 'GDAŃSK', '80-369', 4.8, 4.72, 4.78, 2.03, 5, '', 54.4004, 18.592, 10, 6),
(349, 'SHELL POLSKA SPÓŁKA Z OGRANICZONĄ ODPOWIEDZIALNOŚCIĄ', 'GRUNWALDZKA 560', 'GDAŃSK', '80-320', 4.7, 4.72, 4.63, 0, 5, '', 54.4156, 18.5656, 59, 13),
(350, 'LOTOS PALIWA SPÓŁKA Z OGRANICZONĄ ODPOWIEDZIALNOŚCIĄ', 'AL.ZWYCIĘSTWA 13', 'GDAŃSK', '80-219', 4.46, 4.67, 4.63, 2.34, 4, '', 54.3713, 18.6276, 92, 27),
(351, 'BALTIC - TRADE PALIWA SPÓŁKA Z OGRANICZONĄ ODPOWIEDZIALNOŚCIĄ', 'RZĘSNA 3', 'GDAŃSK', '80-716', 4.46, 4.99, 4.83, 2.12, 1, '', 54.3498, 18.7064, 16, 6),
(352, 'SHELL POLSKA SPÓŁKA Z OGRANICZONĄ ODPOWIEDZIALNOŚCIĄ', 'ŁOSTOWICKA 4', 'GDAŃSK', '80-121', 4.65, 4.77, 4.78, 2.31, 5, '', 54.3463, 18.6046, 38, 17),
(353, 'ZAKŁAD KOMUNIKACJI MIEJSKIEJ W GDAŃSKU SPÓŁKA Z OGRANICZONĄ ODPOWIEDZIALNOŚCIĄ', 'GEN. JÓZEFA HALLERA 142', 'GDAŃSK', '80-416', 4.51, 4.99, 0, 2.24, 1, '', 51.0909, 16.9877, 60, 21),
(354, 'LOTOS PALIWA SPÓŁKA Z OGRANICZONĄ ODPOWIEDZIALNOŚCIĄ', 'SPACEROWA 50', 'GDAŃSK', '80-299', 4.56, 4.67, 4.63, 2.17, 4, '', 54.4323, 18.4889, 87, 19),
(355, 'PRZEDSIĘBIORSTWO USŁUGOWO-TRANSPORTOWE PORT-TRANS SP.Z O.O.', 'BUDOWNICZYCH PORTU PÓŁNOCNEGO 1', 'GDAŃSK', '80-717', 4.8, 5.04, 4.63, 2.17, 1, '', 54.3895, 18.6912, 49, 10),
(356, 'POCZTA POLSKA S.A.', 'PARTYZANTÓW 70', 'GDAŃSK', '80-717', 4.7, 5.15, 4.93, 2.08, 1, '', 54.3789, 18.5916, 11, 6),
(357, 'P.H.U.\"IWO-POL\" IWONA GULIŃSKA', 'PRZEŁOM 1', 'GDAŃSK', '80-643', 4.7, 5.04, 4.93, 2.24, 1, '', 54.3498, 18.7829, 117, 29),
(358, 'STACJA BENZYNOWA FRANCISZEK STENKA', 'KARTUSKA 330', 'GDAŃSK', '80-175', 4.6, 4.88, 4.93, 2.17, 1, '', 54.3374, 18.5715, 17, 7),
(359, 'POLSKI KONCERN NAFTOWY ORLEN SPÓŁKA AKCYJNA NR 4450', 'BUDOWLANYCH 61', 'GDAŃSK', '80-298', 4.7, 4.72, 4.73, 0, 2, '', 54.3694, 18.5026, 46, 12),
(360, 'AMAR ANDRZEJ MARCZEWSKI', 'HALLERA 126A', 'GDAŃSK', '80-416', 4.46, 5.15, 4.73, 2.31, 1, '', 54.3904, 18.6219, 49, 17),
(361, 'PRZEDSIĘBIORSTWO HANDLOWE \"MOTO\" HURT-DETAL JÓZEF KUŁAGA', 'MARYNARKI POLSKIEJ 73E', 'GDAŃSK', '80-734', 4.75, 0, 4.78, 2.29, 1, '', 54.385, 18.6441, 134, 29),
(362, 'LOTOS PALIWA SPÓŁKA Z OGRANICZONĄ ODPOWIEDZIALNOŚCIĄ', 'KARTUSKA 383', 'GDAŃSK', '80-734', 4.56, 4.88, 4.88, 2.17, 4, '', 54.3459, 18.5356, 137, 28),
(363, 'AUCHAN POLSKA SPÓŁKA Z OGRANICZONĄ ODPOWIEDZIALNOŚCIĄ', 'SZCZĘŚLIWA 3', 'GDAŃSK', '80-176', 4.65, 5.04, 4.78, 2.26, 1, '', 54.3516, 18.5254, 184, 39),
(364, 'POLSKI KONCERN NAFTOWY ORLEN SPÓŁKA AKCYJNA (STACJA NR 324)', 'DĄBROWSZCZAKÓW 16', 'GDAŃSK', '80-365', 4.7, 4.72, 4.63, 2.12, 2, '', 53.7814, 20.4865, 83, 26),
(365, 'POLSKI KONCERN NAFTOWY ORLEN SPÓŁKA AKCYJNA (STACJA NR 406)', 'OLIWSKA 37', 'GDAŃSK', '80-116', 4.56, 4.61, 4.73, 2.03, 2, '', 54.4026, 18.6639, 28, 8),
(366, 'POLSKI KONCERN NAFTOWY ORLEN SPÓŁKA AKCYJNA (STACJA NR 424)', 'MIAŁKI SZLAK14', 'GDAŃSK', '80-717', 4.51, 5.31, 0, 2.1, 2, '', 54.3484, 18.6823, 14, 8),
(367, 'POLSKI KONCERN NAFTOWY ORLEN SPÓŁKA AKCYJNA (STACJA NR 4077)', 'TRAKT ŚW.WOJCIECHA 43/45', 'GDAŃSK', '80-044', 4.8, 5.25, 0, 2.17, 2, '', 54.3332, 18.6357, 18, 12),
(368, 'PKS SP Z O.O.', 'CHWASZCZYŃSKA 169 KACZE BUKI', 'GDYNIA', '81-570', 4.6, 5.15, 4.78, 2.03, 1, '', 54.4563, 18.4504, 180, 38),
(369, '\"MOLEN\" IRENEUSZ JASIŃSKI I WSPÓLNICY SP. JAWNA', 'HUTNICZA 7B', 'GDYNIA', '81-061', 4.51, 4.99, 4.88, 2.24, 1, '', 54.5412, 18.486, 95, 21),
(370, 'CTL TRANS-PORT SP. Z O.O.', 'AL. SOLIDARNOŚCI 2', 'GDYNIA', '81-336', 4.7, 4.67, 4.88, 2.1, 1, '', 52.092, 17.0058, 52, 11),
(371, 'LOTOS PALIWA SPÓŁKA Z OGRANICZONĄ ODPOWIEDZIALNOŚCIĄ', 'ALEJA JANA PAWŁA II 3 (MARINA)', 'GDYNIA', '81-345', 4.75, 5.25, 4.58, 0, 4, '', 52.2315, 20.999, 103, 22),
(372, 'STACJA PALIW LUKOIL (AMIC POLSKA SPÓŁKA Z OGRANICZONĄ ODPOWIEDZIALNOŚCIĄ)', 'HUTNICZA 8', 'GDYNIA', '81-061', 4.6, 5.31, 4.63, 2.15, 1, '', 54.5437, 18.4832, 49, 15),
(373, 'INGAZ. BUJAK M.', 'RYMARSKA 32', 'GDYNIA', '', 4.7, 4.83, 0, 2.19, 1, '', 54.5521, 18.5098, 28, 8),
(374, 'SPORTOWA CENTRUM SPÓŁKA Z OGRANICZONĄ ODPOWIEDZIALNOŚCIĄ', 'SPORTOWA 8', 'GDYNIA', '81-300', 4.6, 4.67, 4.78, 2.03, 1, '', 51.0654, 18.4492, 49, 13),
(375, 'SHELL POLSKA SPÓŁKA Z OGRANICZONĄ ODPOWIEDZIALNOŚCIĄ', 'SZLIFIERZY 1', 'GDYNIA', '81-212', 4.56, 5.15, 4.93, 2.03, 5, '', 54.5495, 18.5128, 10, 5),
(376, 'BM REFLEX SPÓŁKA Z OGRANICZONĄ ODPOWIEDZIALNOŚCIĄ SPÓŁKA KOMANDYTOWA', 'MORSKA 118', 'GDYNIA', '81-255', 0, 0, 4.83, 2.24, 1, '', 54.5316, 18.4953, 141, 33),
(377, 'BP EUROPA SE SPÓŁKA EUROPEJSKA ODDZIAŁ W POLSCE', 'HUTNICZA 15A', 'GDYNIA', '81-061', 4.8, 5.31, 4.73, 2.22, 3, '', 54.5451, 18.477, 106, 25),
(378, 'TS-TRANSPORT SERVICE SP. Z O.O., (STACJA PARTNERSKA MARKI LOTOS)', 'HUTNICZA 16', 'GDYNIA', '81-061', 4.7, 5.09, 4.63, 2.1, 4, '', 54.5469, 18.4763, 30, 10),
(379, 'SPORTOWA CENTRUM SPÓŁKA Z OGRANICZONĄ ODPOWIEDZIALNOŚCIĄ', 'NOWOWICZLIŃSKA 31', 'GDYNIA', '81-577', 4.65, 4.77, 0, 2.31, 1, '', 54.4728, 18.4788, 61, 14),
(380, 'POLSKI KONCERN NAFTOWY ORLEN SPÓŁKA AKCYJNA (STACJA NR 4052)', 'KCYŃSKA 25', 'GDYNIA', '81-005', 4.46, 4.99, 4.73, 2.24, 2, '', 54.5416, 18.4533, 93, 23),
(381, 'LOTOS PALIWA SPÓŁKA Z OGRANICZONĄ ODPOWIEDZIALNOŚCIĄ', 'JANKA WIŚNIEWSKIEGO 20A', 'GDYNIA', '81-335', 0, 5.04, 0, 2.24, 4, '', 54.5338, 18.5108, 71, 15),
(382, 'BM REFLEX SPÓŁKA Z OGRANICZONĄ ODPOWIEDZIALNOŚCIĄ SPÓŁKA KOMANDYTOWA', 'NOWOWICZLIŃSKA 2', 'GDYNIA', '81-577', 4.65, 4.93, 4.68, 2.17, 1, '', 54.4727, 18.4806, 20, 9),
(383, 'SPORTOWA CENTRUM SPÓŁKA Z OGRANICZONĄ ODPOWIEDZIALNOŚCIĄ', 'MAŁOKACKA 13', 'GDYNIA', '81-654', 4.7, 4.67, 4.88, 2.19, 1, '', 54.4963, 18.5142, 78, 25),
(384, 'BALTIC - TRADE PALIWA SPÓŁKA Z OGRANICZONĄ ODPOWIEDZIALNOŚCIĄ', 'HUTNICZA 36', 'GDYNIA', '81-061', 4.46, 4.61, 4.68, 2.34, 1, '', 54.5512, 18.4553, 112, 28),
(385, 'POLSKI KONCERN NAFTOWY ORLEN SPÓŁKA AKCYJNA (STACJA NR 650)', 'WIELKOPOLSKA 239', 'GDYNIA', '81-310', 0, 4.72, 4.88, 0, 2, '', 54.4742, 18.5161, 176, 41),
(386, 'POLSKI KONCERN NAFTOWY ORLEN SPÓŁKA AKCYJNA (STACJA NR 721)', 'MORSKA 495', 'GDYNIA', '81-005', 0, 4.61, 4.63, 2.15, 2, '', 54.5504, 18.4253, 17, 6),
(387, 'PPUH WILAND SP. Z O.O.', 'POŁUDNIOWA 17A', 'GDYNIA', '81-038', 4.7, 5.15, 4.68, 2.31, 1, '', 52.2029, 20.7612, 67, 18),
(388, 'BMG GOWOROWSKI SP. Z O.O.', 'ŁUŻYCKA 9', 'GDYNIA', '81-537', 4.56, 4.67, 4.58, 2.31, 1, '', 50.4362, 16.6607, 107, 22),
(389, 'CETAN SP. Z O.O.', 'HUTNICZA 42', 'GDYNIA', '81-038', 4.7, 5.2, 4.63, 2.31, 1, '', 54.5538, 18.4455, 63, 14),
(390, 'PKP CARGO S.A. ZAKŁAD TABORU W GDYNI', 'OSADA KOLEJOWA 12', 'GDYNIA', '81-038', 4.8, 4.83, 4.68, 2.31, 1, '', 54.5332, 18.5041, 68, 22),
(391, 'P.H.U \'AUTO-DAREX\' PRZEDSIĘBIORSTWO PRYWATNE DARIUSZ SZCZEPAŃSKI', 'HUTNICZA 1', 'GDYNIA', '81-212', 4.75, 5.15, 4.83, 2.17, 1, '', 54.5374, 18.4941, 140, 30),
(392, 'SHELL POLSKA SPÓŁKA Z OGRANICZONĄ ODPOWIEDZIALNOŚCIĄ (STACJA NR 2030)', 'HUTNICZA 35', 'GDYNIA', '81-038', 0, 5.09, 4.88, 2.05, 5, '', 54.5495, 18.4541, 8, 3),
(393, 'BM REFLEX SPÓŁKA Z OGRANICZONĄ ODPOWIEDZIALNOŚCIĄ SPÓŁKA KOMANDYTOWA', 'HUTNICZA 5', 'GDYNIA', '81-061', 4.51, 5.25, 4.78, 2.22, 1, '', 54.5399, 18.4894, 17, 6),
(394, 'SHELL POLSKA SPÓŁKA Z OGRANICZONĄ ODPOWIEDZIALNOŚCIĄ (STACJA NR 7205)', 'CHYLOŃSKA 110A', 'GDYNIA', '81-033', 4.8, 5.09, 4.58, 2.22, 5, '', 54.5444, 18.4651, 99, 22),
(395, 'LOTOS PALIWA SPÓŁKA Z OGRANICZONĄ ODPOWIEDZIALNOŚCIĄ', 'AL. ZWYCIĘSTWA 165', 'GDYNIA', '81-521', 4.75, 5.09, 0, 2.31, 4, '', 54.4967, 18.5394, 38, 14),
(396, 'F.H.U. SERPAN S.C. G. PANKOWSKA, J. PANKOWSKI', 'HUTNICZA 2A', 'GDYNIA', '81-212', 4.75, 5.09, 4.73, 2.05, 1, '', 51.0504, 21.0619, 26, 13),
(397, 'H.Z STACJA AUTO-GAZ ZENON SIKORA', 'RDESTOWA 3', 'GDYNIA', '81-212', 4.65, 0, 4.78, 2.31, 1, '', 54.4738, 18.4654, 106, 24),
(398, 'EURO-TRANS S. C.', 'ADMIRAŁA J. UNRUGA 111', 'GDYNIA', '81-153', 4.56, 4.88, 4.88, 2.24, 1, '', 54.5574, 18.4778, 38, 15),
(399, 'CIRCLE K POLSKA SPÓŁKA Z OGRANICZONĄ ODPOWIEDZIALNOŚCIĄ', 'UNRUGA 3', 'GDYNIA', '81-181', 4.8, 4.61, 4.93, 2.15, 6, '', 54.5489, 18.5144, 22, 6),
(400, 'SHELL POLSKA SPÓŁKA Z OGRANICZONĄ ODPOWIEDZIALNOŚCIĄ (STACJA NR 2002)', 'ZWYCIĘSTWA 260', 'GDYNIA', '81-545', 4.7, 0, 4.58, 2.31, 5, '', 54.1881, 16.2285, 106, 24),
(401, 'SHELL POLSKA SPÓŁKA Z OGRANICZONĄ ODPOWIEDZIALNOŚCIĄ (STACJA NR 2006)', 'MORSKA 58', 'GDYNIA', '81-225', 4.56, 4.61, 4.93, 2.22, 5, '', 54.5271, 18.5121, 22, 13),
(402, 'SHELL POLSKA SPÓŁKA Z OGRANICZONĄ ODPOWIEDZIALNOŚCIĄ', 'CHWASZCZYŃSKA 10', 'GDYNIA', '81-570', 4.56, 4.77, 4.73, 2.15, 5, '', 54.4714, 18.4906, 66, 14),
(403, 'SHELL POLSKA SPÓŁKA Z OGRANICZONĄ ODPOWIEDZIALNOŚCIĄ (STACJA NR 2024)', 'J.WIŚNIEWSKIEGO 13', 'GDYNIA', '81-335', 4.51, 0, 4.88, 2.12, 5, '', 54.5278, 18.5162, 77, 19),
(404, 'CIRCLE K POLSKA SPÓŁKA Z OGRANICZONĄ ODPOWIEDZIALNOŚCIĄ', 'AL. ZWYCIĘSTWA 132', 'GDYNIA', '81-464', 4.46, 5.31, 4.78, 2.24, 6, '', 54.4916, 18.5406, 37, 10),
(405, 'CIRCLE K POLSKA SPÓŁKA Z OGRANICZONĄ ODPOWIEDZIALNOŚCIĄ', 'MORSKA 78A', 'GDYNIA', '81-464', 4.51, 4.61, 4.78, 2.17, 6, '', 54.5289, 18.5065, 26, 10),
(406, 'AMIC POLSKA SPÓŁKA Z OGRANICZONĄ ODPOWIEDZIALNOŚCIĄ', 'MORSKA 290', 'GDYNIA', '81-006', 4.8, 4.83, 4.58, 2.19, 1, '', 54.5505, 18.4279, 63, 18),
(407, 'AMIC POLSKA SPÓŁKA Z OGRANICZONĄ ODPOWIEDZIALNOŚCIĄ', 'WIELKOPOLSKA 260', 'GDYNIA', '81-335', 4.65, 0, 4.88, 2.34, 1, '', 54.4728, 18.513, 20, 10),
(408, 'POLSKI KONCERN NAFTOWY ORLEN SPÓŁKA AKCYJNA (STACJA NR 78)', 'ŚLĄSKA 45', 'GDYNIA', '81-310', 4.6, 5.25, 4.73, 2.15, 2, '', 51.7279, 19.4958, 11, 5),
(409, 'LOTOS PALIWA SPÓŁKA Z OGRANICZONĄ ODPOWIEDZIALNOŚCIĄ', 'KONTENEROWA 2', 'GDYNIA-OBŁUŻE', '81-155', 4.75, 4.77, 4.68, 2.22, 4, '', 54.549, 18.4998, 13, 6),
(410, 'LOTOS PALIWA SPÓŁKA Z OGRANICZONĄ ODPOWIEDZIALNOŚCIĄ', 'FRANCISZKA SZAFRANKA 1', 'SŁUPSK', '76-200', 4.8, 4.88, 4.78, 2.15, 4, '', 54.4586, 17.0611, 43, 14),
(411, 'STACJA LPG WALD-GAZ', 'BORCHARDTA 47', 'SŁUPSK', '76-200', 4.56, 4.99, 4.68, 2.22, 1, '', 54.4845, 17.0241, 65, 13),
(412, 'STACJA PALIW + LPG PPKS SŁUPSK', 'PIŁSUDSKIEGO 74', 'SŁUPSK', '76-200', 4.56, 4.88, 4.93, 2.34, 1, '', 51.1009, 17.0321, 20, 12),
(413, '\"OKTAN\" BRZESKI, GRZENKOWICZ SPÓŁKA JAWNA', 'PORTOWA 10', 'SŁUPSK', '76-200', 4.8, 5.04, 4.88, 2.15, 1, '', 51.8028, 15.722, 36, 12),
(414, 'HURTEX SP.Z O.O. (STACJA FRANCZYZOWA PKN ORLEN S.A. NR 7339)', 'PRZEMYSŁOWA 34', 'SŁUPSK', '76-200', 4.65, 5.04, 4.58, 2.1, 2, '', 52.223, 21.0368, 109, 27),
(415, 'PH BRENT SPÓŁKA Z OGRANICZONĄ ODPOWIEDZIALNOŚCIĄ', 'KASZUBSKA 42', 'SŁUPSK', '76-200', 0, 5.04, 0, 2.03, 1, '', 53.4203, 14.5471, 91, 21),
(416, 'SHELL POLSKA SPÓŁKA Z OGRANICZONĄ ODPOWIEDZIALNOŚCIĄ', 'SZCZECIŃSKA 58B', 'SŁUPSK', '76-200', 4.65, 4.88, 4.63, 2.15, 5, '', 54.4567, 16.9906, 49, 11),
(417, 'SHELL POLSKA SPÓŁKA Z OGRANICZONĄ ODPOWIEDZIALNOŚCIĄ (STACJA NR 6002)', 'SZCZECIŃSKA 36H', 'SŁUPSK', '76-209', 4.6, 4.77, 4.73, 2.12, 5, '', 54.4591, 16.995, 28, 7),
(418, 'STACJA PALIW BOGUSŁAW STEREŃCZAK', 'SZCZECIŃSKA  57', 'SŁUPSK', '76-200', 0, 5.04, 0, 2.24, 1, '', 54.4553, 16.9857, 55, 19),
(419, 'OKTAN BRZESKI, GRZENKOWICZ SP. JAWNA', 'WROCŁAWSKA 45', 'SŁUPSK', '76-200', 4.51, 4.61, 0, 2.12, 1, '', 50.3507, 18.8995, 19, 12),
(420, 'PHUP ROLMASZ SP.Z O.O. (PART. BP)', 'POZNAŃSKA 12', 'SŁUPSK', '76-200', 4.51, 5.15, 0, 2.08, 3, '', 52.2247, 21.0123, 158, 34),
(421, 'PRZEDSIĘBIORSTWO HANDLOWO-USŁUGOWO-PRODUKCYJNE \"ROLMASZ\" SPÓŁKA Z OGRANICZONĄ ODPOWIEDZIALNOŚCIĄ', 'FABRYCZNA 1', 'SŁUPSK', '76-200', 0, 0, 4.93, 2.05, 1, '', 52.0763, 21.0253, 70, 24),
(422, 'POLSKI KONCERN NAFTOWY ORLEN SPÓŁKA AKCYJNA (STACJA NR 1181)', 'GDAŃSKA 18A', 'SŁUPSK', '76-200', 4.46, 5.31, 4.93, 2.15, 2, '', 54.4666, 17.0551, 42, 15),
(423, 'STACJA POGOTOWIA RATUNKOWEGO SAMODZIELNY PUBLICZNY ZAKŁAD OPIEKI ZDROWOTNEJ', 'PADEREWSKIEGO 5', 'SŁUPSK', '76-200', 0, 5.31, 4.68, 2.12, 1, '', 50.0663, 22.233, 23, 13),
(424, 'SŁUPSKDIS SPÓŁKA Z OGRANICZONĄ ODPOWIEDZIALNOŚCIĄ (LECLERC)', 'SZCZECIŃSKA 36K', 'SŁUPSK', '76-200', 4.75, 0, 4.78, 2.29, 1, '', 54.458, 16.9906, 14, 7),
(425, 'POLSKI KONCERN NAFTOWY ORLEN SPÓŁKA AKCYJNA (STACJA NR 4257)', 'GARNCARSKA 19', 'SŁUPSK', '76-200', 0, 0, 4.68, 2.24, 2, '', 50.0608, 19.9272, 94, 26),
(426, 'CIRCLE K POLSKA SPÓŁKA Z OGRANICZONĄ ODPOWIEDZIALNOŚCIĄ', 'POZNAŃSKA 72', 'SŁUPSK', '76-200', 4.46, 5.09, 4.78, 2.22, 6, '', 51.6646, 17.8023, 187, 38),
(427, 'CIRCLE K POLSKA SPÓŁKA Z OGRANICZONĄ ODPOWIEDZIALNOŚCIĄ', 'AL. WOLNOŚCI 4', 'SŁUPSK', '76-200', 0, 5.15, 4.88, 2.1, 6, '', 50.811, 19.1179, 29, 9),
(428, 'CIRCLE K POLSKA SPÓŁKA Z OGRANICZONĄ ODPOWIEDZIALNOŚCIĄ', 'GDAŃSKA/KOZIETULSKIEGO 12', 'SŁUPSK', '76-200', 4.6, 5.25, 4.63, 2.31, 6, '', 54.3564, 18.6311, 134, 27),
(429, '\"OKTAN BRZESKI, GRZENKOWICZ\" SPÓŁKA JAWNA', 'BOHATERÓW WESTERPLATTE 7', 'SŁUPSK', '76-200', 4.51, 4.88, 4.78, 2.26, 1, '', 54.4609, 17.0464, 29, 8),
(430, 'SHELL POLSKA SPÓŁKA Z OGRANICZONĄ ODPOWIEDZIALNOŚCIĄ (STACJA NR 2003)', 'AL. NIEPODLEGŁOŚCI 897', 'SOPOT', '81-861', 0, 5.15, 0, 2.15, 5, '', 54.4594, 18.555, 103, 22),
(431, 'CIRCLE K POLSKA SPÓŁKA Z OGRANICZONĄ ODPOWIEDZIALNOŚCIĄ', 'AL. NIEPODLEGŁOŚCI 627/637', 'SOPOT', '81-811', 4.75, 5.09, 4.63, 2.05, 6, '', 54.4243, 18.564, 54, 21),
(432, 'BP EUROPA SE SPÓŁKA EUROPEJSKA ODDZIAŁ W POLSCE', 'AL. NIEPODLEGLOŚCI 664/670', 'SOPOT', '81-854', 0, 4.77, 4.83, 2.26, 3, '', 54.4289, 18.5608, 79, 19),
(433, 'POLSKI KONCERN NAFTOWY ORLEN SPÓŁKA AKCYJNA NR 4079', 'POŁCZYŃSKA 1A', 'BIAŁOGARD', '78-200', 4.6, 5.31, 4.88, 2.26, 2, '', 52.2221, 20.9244, 65, 19),
(434, 'LOTOS PALIWA SPÓŁKA Z OGRANICZONĄ ODPOWIEDZIALNOŚCIĄ', 'SZOSA POŁCZYŃSKA 1B', 'BIAŁOGARD', '78-200', 4.6, 5.25, 4.88, 2.12, 4, '', 53.9983, 15.9951, 18, 8),
(435, 'GAZ-DOM JERZY KACZKOWSKI', 'USTRONIE MIEJSKIE 1', 'BIAŁOGARD', '78-200', 4.51, 5.04, 4.83, 2.26, 1, '', 54.0189, 15.9784, 77, 25),
(436, 'CIRCLE K POLSKA SPÓŁKA Z OGRANICZONĄ ODPOWIEDZIALNOŚCIĄ', 'DRZYMAŁY 31', 'BIAŁOGARD', '78-200', 4.46, 4.83, 4.93, 2.34, 6, '', 50.9051, 15.7492, 148, 33),
(437, 'COLOMBO SPÓŁKA Z OGRANICZONĄ ODPOWIEDZIALNOŚCIĄ (INTRMARCHE)', 'STAMMA 2A', 'BIAŁOGARD', '78-200', 4.56, 4.61, 4.78, 0, 1, '', 54.012, 15.9567, 58, 16),
(438, 'TOMASZ PRZYSTAŃSKI FH-U ELBO', 'BIAŁOGARD, UL. SZOSA POŁCZYŃSKA 59', 'BIAŁOGARD', '78-200', 4.65, 5.09, 4.88, 0, 1, '', 53.9919, 16.0067, 20, 9),
(439, 'POLSKI KONCERN NAFTOWY ORLEN SPÓŁKA AKCYJNA (STACJA NR 136)', 'KRZYWOPŁOTY 8', 'KRZYWOPŁOTY', '78-230', 4.7, 4.99, 4.83, 2.24, 2, '', 50.3925, 19.6319, 45, 16),
(440, 'FIRMA HNDLOWO-USŁUGOWA ELBO TOMASZ PPRZYSTAŃSKI', 'PRZEGONIA 5A, 78-200 BIAŁOGARD', 'PRZEGONIA', '78-200', 4.46, 5.25, 4.73, 2.1, 1, '', 53.9511, 16.06, 50, 15),
(441, 'POLSKI KONCERN NAFTOWY ORLEN SPÓŁKA AKCYJNA (STACJA NR 1025)', 'BIAŁOGARDZKA 1', 'TYCHOWO', '78-220', 4.56, 4.72, 0, 2.29, 2, '', 53.1009, 18.0375, 13, 5),
(442, '\"EURO\" KIELA SPÓŁKA JAWNA (FR. ORLEN)', 'DŁUGA 16', 'BIERZWNIK', '73-240', 0, 5.09, 4.63, 2.26, 2, '', 52.2498, 21.0073, 137, 33),
(443, 'NORD SAFE SPÓŁKA Z OGRANICZONĄ ODPOWIEDZIALNOŚCIĄ', 'DABROWSZCZAKÓW 15B', 'CHOSZCZNO', '73-200', 4.7, 5.25, 4.93, 2.1, 1, '', 53.1669, 15.4313, 14, 5),
(444, 'STACJA PALIW \"CEPEEN\" LASKOWSKI, GÓRECKI SP. J. CHOSZCZNO, SZOSA DRAWIEŃSKA', 'SZOSA DRAWIEŃSKA', 'CHOSZCZNO', '73-200', 4.8, 4.99, 4.78, 2.34, 1, '', 53.1673, 15.4447, 64, 16),
(445, 'POLSKI KONCERN NAFTOWY ORLEN SPÓŁKA AKCYJNA (STACJA NR 401)', 'BOHATERÓW WARSZAWY 19', 'CHOSZCZNO', '73-200', 4.51, 4.72, 4.88, 2.1, 2, '', 52.3367, 20.9892, 79, 17),
(446, '\"EURO\" KIELA S. J. (STACJA FRANCZYZOWA PKN ORLEN S.A. NR 7229)', 'CHOSZCZEŃSKA 70A', 'DRAWNO', '73-220', 0, 4.83, 4.88, 2.05, 2, '', 53.2138, 15.7453, 29, 13),
(447, '\"HIL-GAZ\" PAWEŁ HILDEBRAŃSKI', 'CHROBREGO 52', 'PEŁCZYCE', '73-260', 0, 5.09, 4.83, 2.31, 1, '', 51.4229, 21.1637, 77, 19),
(448, 'POLSKI KONCERN NAFTOWY ORLEN SPÓŁKA AKCYJNA (STACJA NR 1256)', 'PROMENADA', 'RECZ', '73-210', 4.7, 4.61, 4.83, 2.26, 2, '', 53.3626, 17.0307, 54, 20),
(449, 'BOGDAN HERWICH I LUDMIŁA SZCZEPSKA PP \"HERON-OIL\" STACJA PALIW PREEM', 'POZNAŃSKA 4', 'CZAPLINEK', '78-440', 4.51, 4.77, 4.63, 2.26, 1, '', 53.1213, 17.9949, 63, 14),
(450, 'POLSKI KONCERN NAFTOWY ORLEN SPÓŁKA AKCYJNA (STACJA NR 930)', 'DRAHIMSKA 59', 'CZAPLINEK', '78-550', 4.75, 4.88, 4.78, 2.29, 2, '', 53.5661, 16.2296, 102, 24),
(451, '\"OPAK\" LEOPOLD PĄCZKA - SPÓŁKA JAWNA', 'KOCHANOWSKIEGO 21', 'CZAPLINEK', '78-440', 4.75, 4.88, 4.68, 2.29, 1, '', 52.2672, 20.9495, 34, 9),
(452, 'LAWER SP.Z O.O.', 'GDYŃSKA 9A', 'DRAWSKO POMORSKIE', '78-500', 4.75, 4.93, 4.83, 2.24, 1, '', 53.5333, 15.8044, 117, 29),
(453, 'POLSKI KONCERN NAFTOWY ORLEN SPÓŁKA AKCYJNA (STACJA NR 182)', 'STAROGRODZKA 32', 'DRAWSKO POMORSKIE', '78-500', 0, 4.83, 4.73, 2.08, 2, '', 53.5269, 15.7957, 19, 7),
(454, 'SPÓŁDZIELNIA KÓŁEK ROLNICZYCH', 'STAROGRODZKA 31B', 'DRAWSKO POMORSKIE', '78-500', 4.46, 4.77, 4.73, 2.19, 1, '', 53.5242, 15.7912, 78, 17),
(455, 'PREDSIĘBIORSTWO SJ PALIWA SPÓŁKA Z OGRANICZONĄ ODPOWIEDZIALNOŚCIĄ', 'SZCZECIŃSKA 39', 'KALISZ POMORSKI', '78-540', 4.75, 4.72, 4.88, 2.15, 1, '', 54.1833, 16.1544, 67, 15),
(456, 'KPPD-SZCZECINEK ZAKŁAD PRZEMYSŁU DREWNEGO', 'WROCŁAWSKA 1', 'KALISZ POMORSKI', '78-540', 4.56, 5.09, 4.83, 2.15, 1, '', 50.0755, 19.9331, 98, 24),
(457, 'POLSKI KONCERN NAFTOWY ORLEN SPÓŁKA AKCYJNA (STACJA NR 1019)', 'TORUŃSKA 8', 'KALISZ POMORSKI', '78-540', 4.6, 4.77, 4.78, 2.1, 2, '', 54.3442, 18.649, 32, 7),
(458, 'STACJA PALIW \"BROTANK\" HNATOWSCY SPÓŁKA JAWNA', 'PIEKARY 2', 'PIEKARY', '78-440', 4.7, 4.93, 4.93, 2.1, 1, '', 50.0194, 19.788, 21, 6),
(459, 'AUTO-HANDEL \"PIONIER\" SYLWIA CZECH', 'PIEKARY 2A', 'PIEKARY', '78-550', 4.8, 4.61, 4.58, 2.1, 1, '', 53.542, 16.2604, 44, 15),
(460, 'RENATA ROGOWSKA PHU STACJE PALIW WIT CZMIELEWSKI', 'SIECINO 4', 'SIECINO', '78-506', 4.46, 4.93, 4.88, 2.34, 1, '', 53.6138, 16.0033, 58, 19),
(461, 'P.U.H. MARIAN SEYDAK,', 'KOŚCIUSZKI 38', 'TRZCIEL', '78-540', 4.6, 0, 4.68, 2.15, 1, '', 50.2526, 19.0161, 63, 23),
(462, 'FIRMA USŁUGOWO-HANDLOWAWOJCIECH KOWALCZYK (FR. ORLEN)', 'ZARAŃSKO 49 (DW173)', 'ZARAŃSKO', '78-500', 4.46, 4.99, 4.63, 2.17, 2, '', 53.5683, 15.8443, 125, 28),
(463, 'PRZEDSIĘBIORSTWO KOMUNIKACJI SAMOCHODOWEJ W SZCZECINKU SP.Z O.O.', 'PIASKOWA 8', 'ZŁOCIENIEC', '78-520', 4.75, 4.67, 0, 0, 1, '', 54.3292, 18.6298, 12, 6),
(464, 'HEKTOR SPÓŁKA Z OGRANICZONĄ ODPOWIEDZIALNOŚCIĄ (INTERMARCHE)', 'WŁÓKIENNICZA 11A', 'ZŁOCIENIEC', '78-520', 4.7, 0, 4.58, 2.19, 1, '', 51.774, 19.4608, 113, 25),
(465, 'STACJA PALIW', 'RACŁAWICKA', 'ZŁOCIENIEC', '78-520', 0, 5.04, 4.63, 2.24, 1, '', 52.1966, 20.9941, 20, 7),
(466, 'PETRO-MAD SP.Z O.O.', 'PIASKOWA 19', 'ZŁOCIENIEC', '78-520', 4.65, 4.67, 4.68, 2.31, 1, '', 54.4353, 19.6127, 12, 6),
(467, 'DANPOL ANDRZEJ DANIŁOWICZ (FR. ORLEN)', 'CZAPLINECKA 27', 'ZŁOCIENIEC', '78-520', 0, 4.83, 4.58, 2.08, 2, '', 53.535, 16.0403, 35, 14),
(468, 'POLSKI KONCERN NAFTOWY ORLEN SPÓŁKA AKCYJNA (STACJA NR 971)', 'BABIGOSZCZ (TRASA A-3) 22', 'BABIGOSZCZ', '72-122', 4.51, 0, 4.83, 2.29, 2, '', 53.6822, 14.813, 38, 12),
(469, 'S. MICHARZEWSKI', 'BRZOZOWO', 'BRZOZOWO', '72-105', 4.75, 4.83, 4.78, 2.17, 1, '', 53.314, 18.4231, 118, 24),
(470, 'LOMAX STACJE PALIW SPÓŁKA Z OGRANICZONĄ ODPOWIEDZIALNOSCIĄ', 'I BRYGADY LEGIONÓW 9', 'GOLENIÓW', '72-100', 4.46, 4.67, 4.58, 2.08, 1, '', 53.5582, 14.8459, 165, 36),
(471, 'PH D*REM WOJCIECH TESZNER', 'I BRYGADY LEGIONÓW 7', 'GOLENIÓW', '72-100', 4.8, 5.09, 0, 2.1, 1, '', 53.5583, 14.8458, 16, 7),
(472, 'POLSKI KONCERN NAFTOWY ORLEN SPÓŁKA AKCYJNA (STACJA NR 658)', 'PRZESTRZENNA 2', 'GOLENIÓW', '72-100', 4.75, 5.04, 4.73, 2.26, 2, '', 51.0902, 17.0346, 57, 12),
(473, 'POLSKI KONCERN NAFTOWY ORLEN SPÓŁKA AKCYJNA NR 446', 'WOLIŃSKA 2', 'GOLENIÓW', '72-100', 4.7, 4.77, 4.73, 2.12, 2, '', 52.287, 21.0863, 5, 3),
(474, 'SETPOL 1 WOJCIECH TARNOWSKI', 'KIKORZE 50', 'KIKORZE', '72-221', 4.65, 5.25, 0, 2.29, 1, '', 53.6423, 15.054, 108, 28),
(475, 'POLSKI KONCERN NAFTOWY ORLEN SPÓŁKA AKCYJNA (STACJA NR 1459)', 'KOLEJOWA 16', 'KLINISKA WIELKIE', '72-123', 4.51, 4.88, 4.88, 2.17, 2, '', 53.1349, 23.1356, 23, 10),
(476, 'SHELL POLSKA SPÓŁKA Z OGRANICZONĄ ODPOWIEDZIALNOŚCIĄ (STACJA NR 4126)', 'USŁUGOWA 2, DROGA KRAJOWA S-3', 'ŁOZIENICA (GOLENIÓW)', '72-100', 4.46, 5.31, 4.73, 2.29, 5, '', 51.3065, 16.1582, 58, 17),
(477, 'KRZYSZTOF OLECH', 'NOWOGARDZKA 22', 'MASZEWO', '72-130', 0, 5.31, 4.63, 2.29, 1, '', 52.2293, 21.0142, 10, 6),
(478, 'POLSKI KONCERN NAFTOWY ORLEN SPÓŁKA AKCYJNA (STACJA NR 1026)', 'STARGARDZKA 1', 'MASZEWO', '72-130', 4.46, 0, 0, 2.34, 2, '', 51.1304, 16.9534, 72, 18),
(479, 'SOWELO SP. Z O.O.', 'BOHATERÓW WARSZAWY 7', 'NOWOGARD', '72-200', 0, 4.67, 4.63, 2.05, 1, '', 52.3364, 20.9873, 12, 5),
(480, 'STW KAZIMIERZ LEWIŃSKI', 'GÓRNA 3', 'NOWOGARD', '72-200', 4.8, 4.83, 4.73, 2.1, 1, '', 50.8865, 21.6637, 64, 17),
(481, 'PRZEDSIĘBIORSTWO HANDLOWE \"HL\" LESZEK HASIEWICZ', 'ARMII KRAJOWEJ 28C', 'NOWOGARD', '72-200', 4.56, 5.2, 4.83, 2.15, 1, '', 52.3454, 21.2293, 21, 10),
(482, 'PRZEDSIĘBIORSTWO HANDLOWO USŁUGOWE \"NAFT-TURYST\" SPÓŁKA JAWNA I. WYMYSŁOWSKI, K. GIBKI', 'BOHATERÓW WARSZAWY 64A', 'NOWOGARD', '72-200', 4.65, 5.25, 4.63, 2.03, 1, '', 52.3431, 20.9949, 11, 7),
(483, 'STACJA PALIW FUNDACJA POMOC', 'BOHATERÓW WARSZAWY 7 A', 'NOWOGARD', '72-200', 4.56, 4.93, 0, 2.29, 1, '', 52.1936, 20.891, 32, 9),
(484, 'STACJA PALIW ANNA MOSINIAK', 'NOWOGARD, UL. NADTOROWA 14', 'NOWOGARD', '72-203', 4.46, 5.25, 0, 2.34, 1, '', 53.6536, 15.1098, 53, 13),
(485, 'MIROSŁAW SOLIŃSKI', 'KIKORZE 2', 'OSINA', '72-221', 4.6, 0, 4.68, 2.12, 1, '', 53.6328, 15.0179, 103, 25),
(486, 'RAFAŁ  LISIECKI  AUTO-GAZ', 'KIKORZE 5A', 'OSINA', '72-221', 4.7, 0, 4.73, 2.08, 1, '', 53.632, 15.0137, 66, 22),
(487, 'JACK-POL', 'KĄTNA', 'PRZYBIERNÓW', '72-110', 4.56, 5.2, 4.63, 0, 1, '', 51.1326, 17.2835, 42, 11),
(488, 'TANK MAREK MIKŁASZ', 'CHROBREGO 36', 'PRZYBIERNÓW', '72-110', 4.75, 5.09, 4.83, 2.26, 1, '', 52.4493, 16.9141, 43, 11),
(489, 'POLSKI KONCERN NAFTOWY ORLEN SPÓŁKA AKCYJNA (STACJA NR 1033)', 'BOLESŁAWA CHROBREGO 64', 'PRZYBIERNÓW', '72-110', 4.65, 4.67, 4.68, 2.08, 2, '', 53.0362, 18.6314, 34, 14),
(490, '\"PRZEDSIĘBIORSTWO HANDLOWO-USŁUGOWE DARIUSZ BOBRYK, DOROTA BOBRYK\" SPÓŁKA JAWNA', 'PORTOWA 10', 'STEPNICA', '72-112', 4.75, 5.09, 4.58, 2.12, 1, '', 51.8028, 15.722, 40, 9),
(491, 'MARTA CHROMICZ PRZEDSIĘBIORSTWO HANDLOWO-USŁUGOWE', 'STUDENCKA 28', 'ŻARNOWO', '72-111', 4.7, 4.93, 4.58, 2.15, 1, '', 52.1742, 21.0304, 47, 13),
(492, 'SHELL POLSKA SPÓŁKA Z OGRANICZONĄ ODPOWIEDZIALNOŚCIĄ (STACJA NR 4119)', 'ŻDŻARY 17 H', 'ŻDŻARY (GOLENIÓW)', '72-100', 4.56, 5.2, 4.93, 2.29, 5, '', 53.5814, 14.8124, 142, 32),
(493, 'BARLINEK INWESTYCJE SP. Z O.O.', 'PRZEMYSŁOWA 1', 'BARLINEK', '74-320', 4.56, 4.93, 4.88, 2.03, 1, '', 52.5534, 19.6915, 58, 17),
(494, 'STACJA LPG PKS GRYFICE SP. Z O.O.', 'KAMIEŃSKA', 'GRYFICE', '72-300', 4.75, 4.61, 0, 2.15, 1, '', 51.2049, 19.4989, 43, 9),
(495, 'HYDROGRYF SPÓŁKA Z OGRANICZONĄ ODPOWIEDZIALNOSCIĄ (PART. SHELL)', 'PIŁSUDSKIEGO 20A', 'GRYFICE', '72-300', 0, 4.67, 4.63, 2.05, 5, '', 52.1499, 21.222, 19, 12),
(496, 'ROBERT KACZMAREK TRANSPORT, WYSZUKIWANIE SAMOCHODÓW NA ZAMÓWIENIE KLIENTA (PART. BP)', 'STAROGRODZKA 25', 'GRYFICE', '72-300', 4.6, 5.25, 4.58, 2.12, 3, '', 53.5261, 15.7954, 20, 12),
(497, 'TRANS CAN PRZEDSIEBIORSTWO TRANSPORTOWE TERSA I RYSZARD PILIPIONEK', 'NIEKŁADZKA 4A', 'GRYFICE', '72-300', 4.7, 5.09, 4.63, 2.1, 1, '', 53.9227, 15.1995, 18, 5),
(498, 'STACJA PALIW PW \"MENAGO\"', 'PIŁSUDSKIEGO 18', 'GRYFICE', '72-300', 4.7, 5.25, 4.58, 2.31, 1, '', 50.4468, 18.8622, 192, 40),
(499, 'POLSKI KONCERN NAFTOWY ORLEN SPÓŁKA AKCYJNA (STACJA NR 345)', 'BRONISZEWSKA 34', 'GRYFICE', '72-300', 4.51, 4.72, 4.58, 2.24, 2, '', 53.9188, 15.2087, 88, 18),
(500, '\"PRZEDSIĘBIORSTWO PKS GRYFICE\" SPÓŁKA Z OGRANICZONĄ ODPOWIEDZIALNOŚCIĄ (PART. LOTOS)', 'TRZYGŁOWSKA 32', 'GRYFICE', '72-300', 4.46, 4.61, 4.68, 2.31, 4, '', 53.9096, 15.194, 118, 30),
(501, 'JUSTYNA KUREK, PHU ROP-BENZ HURT-DETAL', 'TOROWA 1', 'KARNICE', '72-343', 4.75, 0, 4.83, 2.08, 1, '', 50.0059, 20.9963, 67, 18),
(502, 'STACJA LPG SŁAWOMIR STOLZ', 'KONARZEWO', 'KONARZEWO', '72-343', 4.51, 4.77, 0, 2.22, 1, '', 52.3369, 16.7096, 101, 26),
(503, 'DG SPÓŁKA Z OGRANICZONĄ ODPOWIEDZIALNOŚCIĄ', 'KOSZALIŃSKA 3', 'PŁOTY', '72-310', 4.51, 5.25, 4.88, 2.12, 1, '', 52.4517, 16.8485, 99, 22),
(504, 'PRZEDSIĘBIORSTWO HANDLOWO TURYSTYCZNE \"MAJA\" STACJA PALIW IRENA KUCHARZ, JAN KUCHARZ SPÓŁKA JAWNA (STACJA PARTNERSKA MARKI BP)', 'WOJSKA POLSKIEGO 44A', 'POBIEROWO', '72-346', 0, 4.83, 0, 2.19, 3, '', 53.8229, 22.3467, 10, 7),
(505, 'PRZEDSIĘBIORSTWO USŁUGOWO-HANDLOWE \"GAMA\" SPÓŁKA JAWNA ANTONI GRABALSKI I WSPÓLNICY (PART. SHELL)', 'SŁONECZNA 1', 'REWAL', '72-344', 4.51, 4.61, 4.68, 2.19, 5, '', 50.0341, 22.006, 42, 17),
(506, 'PRZEDSIĘBIORSTWO USŁUGOWO-HANDLOWE \"GAMA\" SPÓŁKA JAWNA ANTONI GRABALSKI I WSPÓLNICY (PART. SHELL)', 'SŁONECZNA 1', 'ŚLIWIN', '72-344', 4.46, 4.93, 4.63, 2.24, 5, '', 50.0341, 22.006, 40, 13),
(507, 'STACJA LPG  GS „SAMOPOMOC CHŁOPSKA” ZAKŁAD PRODUKCJI CHRONIONEJ', 'KOŁOBRZESKA', 'TRZEBIATÓW', '72-320', 4.75, 4.93, 0, 2.34, 1, '', 54.404, 18.5904, 75, 15),
(508, 'STACJA LPG „AMADORA” SP. Z O. O.', 'KOŁOBRZESKA- NOWA', 'TRZEBIATÓW', '72-320', 4.46, 5.09, 4.93, 2.26, 1, '', 54.4027, 18.5821, 108, 28),
(509, 'POLSKI KONCERN NAFTOWY ORLEN SPÓŁKA AKCYJNA (STACJA NR 292)', 'ZAGÓRSKA 2A', 'TRZEBIATÓW', '72-320', 4.6, 4.93, 4.78, 2.03, 2, '', 54.0567, 15.2593, 60, 15),
(510, 'PRZEDSIĘBIORSTWO HANDLOWE \"HL\" LESZEK HASIEWICZ', 'KOŁOBRZESKA 83', 'TRZEBIATÓW', '72-320', 4.56, 4.72, 0, 2.26, 1, '', 54.0625, 15.2932, 32, 16),
(511, 'PRZEDSIĘBIORSTWO HANDLOWE \"HL\" LESZEK HASIEWICZ', 'DWORCOWA 1', 'BANIE', '74-110', 4.7, 0, 4.63, 2.05, 1, '', 52.4016, 16.9115, 10, 6),
(512, 'STACJA PALIW FARTANK SPJ J CHROMICZ, M RATAJ', 'BOLESŁAWA CHROBREGO  28', 'CEDYNIA', '74-520', 0, 0, 4.68, 2.05, 1, '', 52.4493, 16.9141, 19, 8),
(513, 'WIELOBRANŻOWE PRZEDSIĘBIORSTWO HANDLOWO - USŁUGOWE PROGRES SP. Z O.O.', 'TRANSPORTOWA  1', 'CHOJNA', '74-500', 4.56, 4.61, 0, 2.17, 1, '', 53.3518, 14.5702, 8, 4),
(514, 'ELŻBIETA KRÓL', 'SŁOWIAŃSKA 2', 'CHOJNA', '74-500', 4.8, 5.15, 0, 2.34, 1, '', 50.0692, 19.9369, 73, 17),
(515, 'STACJA PALIW PALIWA I PRODUKTY NAFTOWE SP.J.', 'JAGIELLOŃSKA 15', 'CHOJNA', '74-500', 4.51, 4.77, 4.93, 2.15, 1, '', 52.2514, 21.0348, 51, 16),
(516, 'POLSKI KONCERN NAFTOWY ORLEN SPÓŁKA AKCYJNA (STACJA NR 621)', 'JAGIELLOŃSKA 41', 'CHOJNA', '74-500', 4.75, 4.83, 4.58, 2.15, 2, '', 53.1236, 18.0173, 65, 22),
(517, 'POLMAX SPÓŁKA AKCYJNA SPÓŁKA KOMANDYTOWO AKCYJNA', 'GRABOWO', 'GRABOWO', '74-500', 4.65, 5.25, 4.83, 2.26, 1, '', 53.4651, 22.1537, 63, 18),
(518, 'PIOTR PRZYBYSZ', 'POMORSKA 55', 'GRYFINO', '74-100', 0, 4.77, 4.88, 2.05, 1, '', 51.1192, 17.0314, 35, 16),
(519, 'KRZYSZTOF CHMIELEWSKI, JANUSZ KRZYŻANOWSKI \"AGMEL II\" S.C.', 'ŁUŻYCKA 134 G', 'GRYFINO', '74-100', 4.56, 4.77, 4.63, 2.26, 1, '', 53.2315, 14.4887, 26, 12),
(520, 'WM SP. J. WIESŁAW MALINOWSKI, WALDEMAR MALINOWSKI', 'RAPACKIEGO 1', 'GRYFINO', '74-100', 0, 4.93, 4.68, 2.12, 1, '', 51.4223, 21.166, 11, 4),
(521, 'POLMAX SPÓŁKA AKCYJNA SPÓŁKA KOMANDYTOWO AKCYJNA', 'POMORSKA 99', 'GRYFINO', '74-100', 4.51, 5.09, 4.68, 2.15, 1, '', 51.7785, 19.4766, 9, 5),
(522, 'POLSKI KONCERN NAFTOWY ORLEN SPÓŁKA AKCYJNA (STACJA NR 368)', 'BOLESŁAWA CHROBREGO 31', 'GRYFINO', '74-100', 4.56, 4.72, 4.93, 0, 2, '', 52.4493, 16.9141, 57, 16),
(523, 'POLSKI KONCERN NAFTOWY ORLEN SPÓŁKA AKCYJNA (STACJA NR 211)', 'WARSZAWSKA 15', 'MIESZKOWICE', '74-505', 4.56, 5.2, 0, 2.29, 2, '', 52.2344, 21.0127, 102, 24),
(524, 'CANPOL Z.CHAŃSKA I SPÓŁKA S.J.', 'ODRZAŃSKA 2', 'MORYŃ', '74-503', 4.6, 4.83, 4.78, 2.34, 1, '', 50.0264, 19.9291, 88, 21),
(525, 'APEXIM AB PALIWA SP Z O.O.', 'KRZYMÓW 60', 'NAWODNA', '74-507', 0, 4.67, 0, 0, 1, '', 52.1921, 18.4334, 28, 9),
(526, 'P.P.H.U. MONOS ADAM LACHOWICZ', 'OBRYTA', 'OBRYTA', '74-201', 4.8, 4.61, 4.58, 2.05, 1, '', 53.2214, 14.9805, 59, 12),
(527, 'ALIANS SPÓŁKA Z OGRANICZONĄ ODPOWIEDZIALNOŚCIĄ', 'OGNICA 2B', 'OGNICA', '74-121', 4.75, 5.31, 4.83, 2.03, 1, '', 53.3312, 15.4379, 133, 33),
(528, 'APEXIM AB PALIWA SPÓŁKA Z OGRANICZONĄ ODPOWIEDZIALNOŚCIĄ', 'OSINÓW DOLNY 51', 'OSINÓW DOLNY', '74-520', 4.75, 4.88, 0, 2.26, 1, '', 52.843, 14.1325, 21, 10),
(529, 'AGMEL  KRZYSZTOF CHMIELEWSKI (STACJA PARTNERSKA MARKI BP)', 'GRYFIŃSKA 4B', 'PNIEWO', '74-105', 4.8, 5.09, 4.63, 2.34, 3, '', 53.2212, 14.4901, 156, 32),
(530, 'POLSKI KONCERN NAFTOWY ORLEN SPÓŁKA AKCYJNA (STACJA NR 748)', 'SZCZECIŃSKA 62', 'STARE CZARNOWO', '74-106', 4.6, 4.61, 4.83, 2.24, 2, '', 51.8099, 19.3744, 30, 11),
(531, 'PETROZACHÓD  SP. Z O.O.', 'DWORCOWA', 'TRZCIŃSKO-ZDRÓJ', '74-510', 4.65, 5.31, 4.73, 2.12, 1, '', 53.7737, 20.5014, 119, 27),
(532, 'POLSKI KONCERN NAFTOWY ORLEN SPÓŁKA AKCYJNA (STACJA NR 4245)', 'WIDUCHOWA 2', 'WIDUCHOWA', '74-120', 4.51, 4.88, 4.58, 2.26, 2, '', 53.1141, 14.3995, 43, 13),
(533, 'SETPOL 1 WOJCIECH TARNOWSKI', 'WILKOSZYCE', 'WILKOSZYCE', '74-500', 4.56, 4.93, 4.58, 2.03, 1, '', 52.9561, 14.4052, 51, 20),
(534, 'BP EUROPA SE SPÓŁKA EUROPEJSKA ODDZIAŁ W POLSCE', 'STARE BRYNKI 29', 'WYSOKA', '74-107', 4.46, 5.04, 4.88, 2.08, 3, '', 53.3061, 14.5847, 64, 15),
(535, 'LOTOS PALIWA SPÓŁKA Z OGRANICZONĄ ODPOWIEDZIALNOŚCIĄ', 'STARE BRYNKI 25', 'WYSOKA', '74-100', 4.56, 5.2, 4.73, 2.29, 4, '', 53.3064, 14.5845, 26, 8),
(536, 'POLSKI KONCERN NAFTOWY ORLEN SPÓŁKA AKCYJNA (STACJA NR 467)', 'J. SŁOWACKIEGO 19', 'DZIWNÓW', '72-420', 4.6, 4.72, 4.93, 0, 2, '', 54.3826, 18.4521, 57, 12),
(537, 'JACK-POL HANDEL I USŁUGI, KRZYSZTOF IGRAS', 'NIAPODLEGŁOŚCI  35', 'GOLCZEWO', '72-410', 4.56, 4.77, 4.78, 2.29, 1, '', 52.1862, 21.0182, 22, 13),
(538, 'PRZEDSIĘBIORSTWO GOSPODARKI KOMUNALNEJ SPÓŁKA Z OGRANICZONĄ ODPOWIEDZIALNOŚCIĄ', 'SZCZECIŃSKA 2', 'KAMIEŃ POMORSKI', '72-400', 4.75, 5.2, 4.83, 2.24, 1, '', 53.4742, 14.5477, 55, 16),
(539, 'PRZEDSIĘBIORSTWO HANDLOWE AD*REM WOJCJECH TESZNER', 'SZCZECIŃSKA 24', 'KAMIEŃ POMORSKI', '72-400', 4.46, 4.93, 4.93, 2.08, 1, '', 53.4285, 14.5528, 122, 30),
(540, 'POLSKI KONCERN NAFTOWY ORLEN SPÓŁKA AKCYJNA (STACJA NR 421)', 'SZCZECIŃSKA 42A', 'KAMIEŃ POMORSKI', '72-400', 4.7, 4.72, 4.58, 2.22, 2, '', 53.9612, 14.7847, 137, 29),
(541, 'ŻEGLUGA PÓŁNOCNA SPÓŁKA Z OGRANICZONĄ ODPOWIEDZIALNOSCIA', 'WOLNOŚCI 11', 'KOŁCZEWO', '72-514', 4.46, 4.77, 4.93, 2.31, 1, '', 50.8101, 19.1187, 38, 13),
(542, 'CIRCLE K POLSKA SPÓŁKA Z OGRANICZONĄ ODPOWIEDZIALNOŚCIĄ', 'NOWOMYŚLIWSKA 88', 'MIĘDZYZDROJE', '72-500', 4.51, 4.61, 4.83, 0, 6, '', 53.9169, 14.4357, 14, 8),
(543, 'POLSKI KONCERN NAFTOWY ORLEN SPÓŁKA AKCYJNA (STACJA NR 1036)', 'NIEPODLEGŁOŚCI 37', 'MIĘDZYZDROJE', '72-500', 4.8, 5.15, 4.58, 2.24, 2, '', 52.1866, 21.018, 52, 19),
(544, 'POLSKI KONCERN NAFTOWY ORLEN SPÓŁKA AKCYJNA NR 155', 'ZAMKOWA 1', 'WOLIN', '72-510', 4.7, 5.2, 0, 2.08, 2, '', 50.0532, 19.9297, 43, 15),
(545, 'ECO-OIL SPÓŁKA Z OGRANICZONĄ ODPOWIEDZIALNOSCIĄ', 'CZERNIN 69', 'CZERNIN', '78-113', 4.8, 5.2, 4.78, 2.19, 1, '', 54.1468, 15.6785, 25, 14),
(546, 'STYGA SP. Z O.O.', 'KOŁOBRZESKA 47B', 'DYGOWO', '78-113', 4.75, 4.99, 4.83, 2.17, 1, '', 54.4056, 18.5944, 14, 4),
(547, 'SPÓŁDZIELNIA KÓŁEK ROLNICZYCH', 'ŚWIDWIŃSKA 20', 'GOŚCINO', '78-120', 4.65, 4.88, 0, 2.05, 1, '', 54.0396, 15.6575, 42, 10),
(548, 'SPÓŁDZIELNIA TRANSPORTU WIEJSKIEGO', 'OBOZOWA 5', 'KOŁOBRZEG', '78-100', 4.8, 4.83, 4.83, 2.31, 1, '', 52.4005, 16.8859, 20, 9),
(549, 'POLSKI KONCERN NAFTOWY ORLEN SPÓŁKA AKCYJNA NR 4460', 'TORUŃSKA 1', 'KOŁOBRZEG', '78-100', 4.51, 5.31, 4.93, 2.08, 2, '', 51.3788, 21.127, 94, 26),
(550, 'KAMIL ŚCIURKOWSKI, RAFAŁA KOŻUSZEK - WSPÓLNICY SPÓŁKI CYWILNEJ (PART. CIRCLE)', 'SZCZECIŃSKA 95', 'KOŁOBRZEG', '78-100', 4.8, 5.31, 0, 0, 1, '', 54.4614, 17.005, 6, 3),
(551, 'PRZEDSIĘBIORSTWO USŁUGOWO-HANDLOWO-PRODUKCYJNE \"PILAWA\" EUGENIUSZ PILAWA', 'TORUŃSKA 7', 'KOŁOBRZEG', '78-100', 4.46, 0, 4.93, 2.03, 1, '', 51.7691, 18.1008, 41, 15),
(552, 'RAFAŁ KOŻUSZEK AUTO­GAZ KOŻUSZEK RAFAŁ I KAMIL ŚCIURKOWSKI KAM­GAZ KAMIL ŚCIURKOWSKI \"LAGUNA\" S.C. R.KOŻUSZEK, K.ŚCIURKOWSKI, STACJA PARTNERSKA CIRCLE K. CIRCLE)', 'SZCZECIŃSKA 95', 'KOŁOBRZEG', '78-100', 4.6, 5.2, 4.73, 2.17, 6, '', 54.4614, 17.005, 63, 13),
(553, 'ARRIVA BUS TRANSPORT POLSKA SPÓŁKA Z OGRANICZONĄ ODPOWIEDZIALNOŚCIĄ', 'BOGUSŁAWA X  2', 'KOŁOBRZEG', '78-100', 4.56, 5.09, 4.93, 2.1, 1, '', 53.4307, 14.5443, 39, 9),
(554, 'PAL-TRANS SPÓŁKA Z OGRANICZONĄ ODPOWIEDZIALNOSCIĄ', 'JEDNOŚCI NARODOWEJ 22', 'KOŁOBRZEG', '78-100', 4.65, 4.67, 4.83, 2.34, 1, '', 54.1749, 15.551, 95, 22),
(555, '\"KOMUNIKACJA MIEJSKA W KOŁOBRZEGU\" SPÓŁKA Z OGRANICZONĄ ODPOWIEDZIALNOŚCIĄ', 'SOLNA 2', 'KOŁOBRZEG', '78-100', 0, 4.83, 4.88, 2.19, 1, '', 59.3635, 17.9793, 132, 31),
(556, 'POLSKI KONCERN NAFTOWY ORLEN SPÓŁKA AKCYJNA (STACJA NR 1022)', 'KOSZALIŃSKA 48B', 'KOŁOBRZEG', '78-100', 0, 4.88, 4.93, 2.29, 2, '', 54.1753, 15.5899, 56, 18),
(557, 'SHELL POLSKA SPÓŁKA Z OGRANICZONĄ ODPOWIEDZIALNOŚCIĄ', 'KOSZALIŃSKA 36', 'KOŁOBRZEG', '78-100', 4.7, 5.04, 4.88, 2.19, 5, '', 54.1769, 15.5942, 37, 14),
(558, 'BP EUROPA SE SPÓŁKA EUROPEJSKA ODDZIAŁ W POLSCE', 'VI DYWIZJI PIECHOTY 26', 'KOŁOBRZEG', '78-100', 4.7, 5.31, 4.93, 2.1, 3, '', 54.1603, 15.5653, 18, 8),
(559, 'PRZEDSIĘBIORSTWO PRODUKCYJNO HANDLOWO USŁUGOWE \"LEAR\" LECH KOSTRZEWSKI', 'RAMLEWO', 'RAMLEWO', '78-120', 4.51, 5.31, 4.88, 2.1, 1, '', 53.9787, 15.7167, 126, 29),
(560, 'EWA JAGIELSKA, ZOFIA KACZMAREK - WSPÓLNICY SPÓŁKI CYWILNEJ', 'KOSZALIŃSKA 44B', 'RYMAŃ', '78-125', 4.75, 4.93, 4.68, 2.05, 1, '', 53.9484, 15.5366, 97, 28),
(561, 'POLSKI KONCERN NAFTOWY ORLEN SPÓŁKA AKCYJNA NR 933', 'KOSZALIŃSKA 42', 'RYMAŃ', '78-125', 4.6, 4.67, 4.88, 2.17, 2, '', 50.6743, 17.9656, 34, 14),
(562, 'RUBONAFT SP. Z O.O.', 'KOŁOBRZESKA 13', 'SIEMYŚL', '78-123', 4.7, 4.67, 4.58, 2.03, 1, '', 53.7785, 20.4966, 18, 6),
(563, 'DARIUSZ STEGIENTA \"PB\"', 'KOŁOBRZESKA 1A', 'USTRONIE MORSKIE', '78-111', 0, 4.72, 0, 2.19, 1, '', 54.2009, 15.7371, 16, 6),
(564, 'POLSKI KONCERN NAFTOWY ORLEN SPÓŁKA AKCYJNA (STACJA NR 4282)', 'BĘDZINO 87', 'BĘDZINO', '76-037', 4.65, 4.88, 4.78, 2.24, 2, '', 54.2087, 15.9837, 15, 7),
(565, 'LOTOS PALIWA SPÓŁKA Z OGRANICZONĄ ODPOWIEDZIALNOŚCIĄ', 'STARE BALICE', 'BIESIEKIERZ', '76-039', 4.65, 5.09, 4.78, 0, 4, '', 50.0865, 19.7916, 13, 5),
(566, 'POLSKI KONCERN NAFTOWY ORLEN SPÓŁKA AKCYJNA (STACJA NR 870)', 'KOSZALIŃSKA 46', 'BOBOLICE', '76-020', 4.6, 4.61, 4.93, 2.24, 2, '', 54.3517, 16.6709, 116, 26),
(567, 'PHU GALANT-OIL JAN KARASIŃSKI', 'DOBRZYCA 85', 'DOBRZYCA', '76-038', 4.51, 4.77, 4.83, 2.19, 1, '', 51.8614, 17.5879, 20, 8),
(568, 'ZAKŁAD PRODUKCYJNO HANDLOWY CORRECT GRZEGORZ DECKERT, STEFAN SOROKA SP.J., (STACJA PARTNERSKA MARKI LOTOS)', 'KOSZALIŃSKA 101', 'KARLINO', '78-230', 0, 4.83, 4.93, 2.24, 4, '', 54.0444, 15.8865, 33, 14),
(569, 'POLSKI KONCERN NAFTOWY ORLEN SPÓŁKA AKCYJNA (STACJA NR 4311)', 'KLISZNO BN', 'KLISZNO', '76-011', 4.8, 5.09, 4.78, 0, 2, '', 54.1997, 16.1449, 80, 25),
(570, 'POLSKI KONCERN NAFTOWY ORLEN SPÓŁKA AKCYJNA (STACJA NR 4302)', 'KONIKOWO 80 C', 'KONIKOWO', '76-024', 4.46, 5.04, 4.78, 2.08, 2, '', 54.1397, 16.17, 15, 6),
(571, 'POLSKI KONCERN NAFTOWY ORLEN SPÓŁKA AKCYJNA (STACJA NR 4286)', 'MŁYŃSKA 46', 'KOSZALIN', '75-423', 4.8, 4.83, 4.93, 0, 2, '', 54.7876, 18.3985, 112, 27),
(572, 'PRZEDSIĘBIORSTWO HANDLOWO-USŁUGOWE \"PETREX\" BARBARA I IRENEUSZ ZARZYCCY SPÓŁKA JAWNA', 'POŁUDNIOWA 8', 'MŚCICE', '76-031', 4.65, 4.72, 4.83, 0, 1, '', 51.6657, 16.0508, 7, 4),
(573, 'ZAKŁAD USŁUGOWO HANDLOWY DOROTA MAZUR', 'KOLEJOWA 11', 'POLANÓW', '76-010', 4.56, 4.77, 4.73, 2.08, 1, '', 52.2251, 20.9782, 17, 7),
(574, 'POLSKI KONCERN NAFTOWY ORLEN SPÓŁKA AKCYJNA NR 1345', 'KOSZALIŃSKA 2', 'POLANÓW', '76-010', 4.75, 4.93, 4.63, 2.12, 2, '', 54.4573, 17.0046, 43, 12),
(575, 'TOMSOL SP. Z O.O.', 'TRAWICA 13', 'TRAWICA', '76-004', 4.7, 5.2, 4.73, 2.22, 1, '', 54.2155, 16.3979, 18, 7),
(576, 'WIOLETTA MAŁACHOWSKA MIKOŁAJ MAŁACHOWSKI DUET', 'GMINA BĘDZINO', 'TYMIEŃ', '76-035', 4.6, 5.25, 4.68, 0, 1, '', 54.1848, 15.97, 17, 9),
(577, 'POLSKI KONCERN NAFTOWY ORLEN SPÓŁKA AKCYJNA (STACJA NR 4251)', 'WARYŃSKIEGO 16', 'ŁOBEZ', '73-150', 4.46, 4.99, 4.73, 0, 2, '', 52.2164, 21.0162, 45, 9),
(578, 'PRZEDSIĘBIORSTWO PKS GRYFICE SP. Z O.O.', 'ROLNA 22', 'ŁOBEZ', '73-150', 4.65, 5.15, 4.93, 2.29, 1, '', 50.232, 18.9857, 44, 14),
(579, 'POLSKI KONCERN NAFTOWY ORLEN SPÓŁKA AKCYJNA (STACJA NR 857)', 'PRZEMYSŁOWA 1', 'ŁOBEZ', '73-300', 4.65, 5.2, 4.58, 2.08, 2, '', 52.5534, 19.6915, 79, 18),
(580, 'POLSKI KONCERN NAFTOWY ORLEN SPÓŁKA AKCYJNA (STACJA NR 660)', 'WOJSKA POLSKIEGO 60', 'RESKO', '73-310', 4.65, 4.72, 4.88, 2.12, 2, '', 52.263, 20.98, 37, 11),
(581, 'MARCIN SZYNTOR PRZEDSIĘBIORSTWO HANDLOWO-USŁUGOWE \"TOR-MAR\"', 'CHOPINA 15A', 'RESKO', '72-315', 4.8, 5.25, 0, 2.34, 1, '', 54.1835, 15.5808, 73, 23),
(582, 'POLSKI KONCERN NAFTOWY ORLEN SPÓŁKA AKCYJNA (STACJA NR 1029)', 'PODGÓRNA 23C', 'WĘGORZYNO', '73-156', 4.6, 4.77, 4.73, 2.1, 2, '', 53.5344, 15.558, 69, 19),
(583, 'ENERPOL SPÓŁKA Z OGRANICZONĄ ODPOWIEDZIALNOŚCIĄ', 'POŁUDNIOWA  1', 'WĘGORZYNO', '73-155', 4.56, 4.88, 4.88, 2.19, 1, '', 54.4069, 18.6369, 114, 27),
(584, 'P.H. AD REM WOJCIECH TESZNER', 'GORZOWSKA 33', 'BARLINEK', '74-320', 4.75, 4.77, 4.63, 2.24, 1, '', 52.9865, 15.2032, 151, 33),
(585, 'POLSKI KONCERN NAFTOWY ORLEN SPÓŁKA AKCYJNA NR 620', 'GORZOWSKA 10', 'BARLINEK', '74-320', 4.8, 5.04, 4.63, 2.34, 2, '', 52.7923, 15.2139, 24, 13),
(586, 'SPÓŁKA JAWNA DALL K.K. RUDYŃSCY', 'SZOSA DO LIPIAN 10', 'BARLINEK', '74-320', 0, 5.31, 4.68, 2.19, 1, '', 52.9916, 15.1937, 26, 6),
(587, 'FIRMA DEC A.B.Z. DEC S.J.', 'CHOJEŃSKA 42A', 'DĘBNO', '74-400', 4.8, 4.99, 4.73, 2.19, 1, '', 52.741, 14.6861, 18, 11),
(588, 'MARCIN CAŁKO FH OIL - TYLKO HURT', 'LEŚNA  31', 'DĘBNO', '74-400', 4.6, 5.25, 4.78, 2.34, 1, '', 54.4695, 18.5208, 30, 10),
(589, 'LOTOS PALIWA SPÓŁKA Z OGRANICZONĄ ODPOWIEDZIALNOŚCIĄ', 'KOSTRZYŃSKA 24C', 'DĘBNO', '74-400', 4.56, 5.04, 4.68, 2.08, 4, '', 52.7239, 15.1906, 55, 16),
(590, 'POLSKI KONCERN NAFTOWY ORLEN SPÓŁKA AKCYJNA NR 4411', 'PIŁSUDSKIEGO 1', 'MYŚLIBÓRZ', '74-300', 4.65, 4.93, 4.93, 2.29, 2, '', 50.0606, 19.932, 47, 19),
(591, 'MALDROBUD SP. Z O.O. SP.K.', 'KRÓLEWIECKA 43', 'MYŚLIBÓRZ', '74-300', 4.7, 5.09, 4.83, 2.08, 1, '', 52.654, 19.0696, 90, 23),
(592, 'PKS W MYŚLIBORZU SP.Z O.O.', 'KRÓLEWIECKA 45', 'MYŚLIBÓRZ', '74-300', 4.56, 4.77, 0, 2.19, 1, '', 51.1476, 16.9338, 67, 23),
(593, 'ANDALIA SP.Z O.O. (INTERMARCHE)', 'ŁUŻYCKA 21', 'MYŚLIBÓRZ', '74-300', 4.65, 4.83, 0, 2.29, 1, '', 54.1849, 16.1718, 71, 20),
(594, 'AUTO PORT RENICE SPÓŁKA JAWNA WIESŁAWA BOGUSŁAWSKA, URSZULA MALINOWSKA', 'RENICE 27A', 'RENICE', '74-300', 4.56, 5.15, 4.68, 2.15, 1, '', 52.9442, 14.954, 34, 14),
(595, 'AUTO PORT RENICE SPÓŁKA JAWNA WIESŁAWA BOGUSŁAWSKA, URSZULA MALINOWICZ (STACJA FRANCZYZOWA PKN ORLEN S.A. NR 7595)', 'RENICE 59', 'RENICE', '74-300', 0, 5.31, 4.73, 2.19, 2, '', 52.9447, 14.9523, 12, 7),
(596, 'PRZEDSIĘBIORSTWO USŁUGOWO HANDLOWE IMMER-TANK SPÓŁKA JAWNA J. CHROMICZ I J. POMIECZYŃSKA', 'SARBINOWO 59A', 'SARBINOWO', '74-405', 4.8, 0, 4.78, 2.34, 1, '', 52.6516, 14.6744, 10, 6),
(597, 'LOTOS PALIWA SPÓŁKA Z OGRANICZONĄ ODPOWIEDZIALNOŚCIĄ', 'PYRZYCKA 12B (MOP SITNO)', 'SITNO', '74-300', 4.56, 5.25, 0, 2.19, 4, '', 53.0515, 14.867, 14, 5),
(598, 'BP EUROPA SE SPÓŁKA EUROPEJSKA ODDZIAŁ W POLSCE', 'PYRZYCKA 12C', 'SITNO', '74-300', 4.7, 4.99, 4.58, 2.1, 3, '', 53.052, 14.8645, 20, 10),
(599, 'POLSKI KONCERN NAFTOWY ORLEN SPÓŁKA AKCYJNA (STACJA NR 1461)', 'AUTOSTRADA A6 (123)', 'BARNISŁAW', '72-001', 4.46, 5.09, 0, 2.03, 2, '', 44.6417, 7.77918, 7, 3),
(600, 'POLSKI KONCERN NAFTOWY ORLEN SPÓŁKA AKCYJNA (STACJA NR 154)', 'AUTOSTRADA A6', 'BARNISŁAW', '72-001', 4.46, 5.25, 4.83, 2.31, 2, '', 44.6417, 7.77918, 122, 30),
(601, 'FIRMA LEMAN SP. Z O.O.,', 'ARMII KRAJOWEJ 25', 'DOBRA NOWOGARDZKA', '72-210', 4.8, 5.04, 4.78, 2.26, 1, '', 50.071, 19.892, 7, 3),
(602, 'KRZYSZTOF BOBRYK PRZEDSIĘBIORSTWO HANDLOWO-TRANSPORTOWE', 'SPORTOWA 10', 'DOBRA SZCZECIŃSKA', '72-003', 4.6, 5.15, 4.78, 2.22, 1, '', 50.0422, 21.9862, 41, 10),
(603, 'BART-OIL MIROSŁAW BARTYZEL', 'SKARBIMIERZYCE 1', 'DOŁUJE', '72-002', 4.6, 5.31, 4.78, 2.19, 1, '', 53.4363, 14.4251, 23, 13),
(604, 'SHELL POLSKA SPÓŁKA Z OGRANICZONĄ ODPOWIEDZIALNOŚCIĄ (STACJA NR 4110)', 'KOŁBASKOWO 121', 'KOŁBASKOWO', '72-001', 4.46, 5.2, 4.68, 2.12, 5, '', 53.3374, 14.4247, 40, 16),
(605, 'LOTOS PALIWA SPÓŁKA Z OGRANICZONĄ ODPOWIEDZIALNOŚCIĄ', 'ROSÓWEK 1A', 'KOŁBASKOWO', '72-001', 4.65, 0, 4.73, 2.15, 4, '', 53.3225, 14.4208, 14, 7),
(606, 'LOMAX STACJE PALIW SPÓŁKA Z OGRANICZONĄ ODPOWIEDZIALNOSCIĄ', 'KOŁBASKOWO 12C', 'KOŁBASKOWO', '72-001', 4.56, 5.31, 4.58, 2.17, 1, '', 53.3402, 14.4366, 32, 13),
(607, 'POLSKI KONCERN NAFTOWY ORLEN SPÓŁKA AKCYJNA NR 1034', 'KOŁBASKOWO 119B', 'KOŁBASKOWO', '72-001', 4.65, 4.83, 4.73, 0, 2, '', 53.3407, 14.4473, 97, 23),
(608, 'BP EUROPA SE SPÓŁKA EUROPEJSKA ODDZIAŁ W POLSCE', 'KOŁBASKOWO 127', 'KOŁBASKOWO', '71-001', 4.6, 4.77, 4.83, 2.12, 3, '', 53.3389, 14.4249, 64, 16),
(609, 'STACJA PALIW P.U.H. IMMER-TANK SP. J.', 'KOŁBASKOWO NR 73', 'KOŁBASKOWO', '72-001', 4.46, 5.15, 4.58, 2.08, 1, '', 53.3313, 14.4362, 16, 7),
(610, 'FARAON PLUS SPÓŁKA Z OGRANICZONĄ ODPOWIEDZIALNOŚCIĄ', 'KOŁBASKOWO 63A', 'KOŁBASKOWO', '72-001', 4.56, 5.04, 0, 2.19, 1, '', 53.3331, 14.4325, 132, 27),
(611, 'POLSKI KONCERN NAFTOWY ORLEN SPÓŁKA AKCYJNA (STACJA NR 4023)', 'LUBIESZYN 11B', 'LUBIESZYN', '72-002', 4.7, 4.99, 4.83, 2.22, 2, '', 53.4524, 14.3803, 12, 5),
(612, 'BP EUROPA SE SPÓŁKA EUROPEJSKA ODDZIAŁ W POLSCE', 'LUBIESZYN 3D', 'LUBIESZYN (DOŁUJE)', '72-002', 4.7, 4.83, 0, 2.03, 3, '', 54.0989, 18.2383, 24, 7),
(613, 'BP EUROPA SE SPÓŁKA EUROPEJSKA ODDZIAŁ W POLSCE', 'LUBIESZYN 25', 'LUBIESZYN (DOŁUJE)', '72-002', 4.7, 5.09, 4.93, 2.31, 3, '', 53.45, 14.3863, 8, 4),
(614, 'CIRCLE K POLSKA SPÓŁKA Z OGRANICZONĄ ODPOWIEDZIALNOŚCIĄ', 'LUBIESZYN 12A', 'LUBIESZYN (DOŁUJE)', '72-002', 0, 0, 0, 2.05, 6, '', 53.4512, 14.384, 21, 7),
(615, 'FARAON MAŁGORZATA SYLWIA LACH-GWIAZDA', 'WELECKA 38E', 'MIERZYN', '72-006', 4.56, 5.04, 4.78, 2.15, 1, '', 53.4291, 14.4666, 114, 23),
(616, 'AJJ SPÓŁKA Z OGRANICZONĄ ODPOWIEDZIALNOŚCIĄ', 'WELECKA 2', 'MIERZYN', '72-006', 4.46, 4.99, 4.73, 2.19, 1, '', 53.4289, 14.4723, 12, 8),
(617, 'POLSKI KONCERN NAFTOWY ORLEN SPÓŁKA AKCYJNA (STACJA NR 4259)', 'PIŁSUDSKIEGO 58', 'POLICE', '72-010', 4.6, 0, 4.88, 2.26, 2, '', 53.1637, 22.066, 21, 10),
(618, 'STACJA PALIW EMIRAT S.C. J. DOBRUT I M. KRZECZEK', 'KAMIENNA  3', 'POLICE', '72-010', 4.75, 0, 4.63, 2.08, 1, '', 52.2652, 21.0398, 98, 20),
(619, 'LOTOS PALIWA SPÓŁKA Z OGRANICZONĄ ODPOWIEDZIALNOŚCIĄ', 'PIŁSUDSKIEGO 45', 'POLICE', '72-010', 4.7, 5.25, 4.58, 2.1, 4, '', 53.543, 14.568, 43, 12),
(620, 'POLSKI KONCERN NAFTOWY ORLEN SPÓŁKA AKCYJNA (STACJA NR 219)', 'TANOWSKA 8', 'POLICE', '72-010', 4.7, 4.61, 4.83, 2.22, 2, '', 53.5514, 14.5532, 13, 6),
(621, 'STACJA PALIW JAROSŁAW KACZMAREK, MAROLA KACZMAREK', 'PIASTÓW  24C', 'POLICE', '72-015', 4.65, 4.83, 4.93, 2.12, 1, '', 53.5974, 14.5341, 45, 12),
(622, '\"ATAK LOGISTIK\" SPÓŁKA Z OGRANICZONĄ ODPOWIEDZIALNOSCIĄ (PART. BP)', 'MŁYŃSKA 1', 'POLICE', '72-010', 4.51, 4.67, 4.88, 2.31, 3, '', 52.4115, 16.9278, 22, 9),
(623, 'CIRCLE K POLSKA SPÓŁKA Z OGRANICZONĄ ODPOWIEDZIALNOŚCIĄ', 'PIŁSUDSKIEGO 43', 'POLICE', '72-010', 4.8, 0, 4.83, 2.34, 6, '', 51.7601, 19.4706, 36, 16),
(624, '\"ATAK LOGISTIK\" SPÓŁKA Z OGRANICZONĄ ODPOWIEDZIALNOSCIĄ', 'MŁYŃSKA 1', 'PRZĘSOŃCIN', '72-010', 4.56, 4.93, 4.58, 0, 1, '', 52.4115, 16.9278, 151, 34),
(625, 'STACJA LPG', 'ROSÓWKO', 'ROSÓWKO', '72-001', 4.75, 5.2, 4.58, 2.08, 1, '', 53.3227, 14.4244, 90, 22),
(626, 'J&S ENERGY S.A.', 'STOBNO 100', 'STOBNO', '72-002', 4.65, 4.83, 4.58, 2.24, 1, '', 53.4097, 14.4388, 24, 13),
(627, 'PRZEDSIĘBIORSTWO HANDLOWE \"HL\" LESZEK HASIEWICZ', 'USTOWO 40P', 'USTOWO', '70-900', 4.56, 5.04, 4.58, 0, 1, '', 53.3856, 14.5198, 61, 17),
(628, 'STACJA PALIW LUKOIL (AMIC POLSKA SPÓŁKA Z OGRANICZONĄ ODPOWIEDZIALNOŚCIĄ)', 'BĘDGOSZCZ 18', 'BĘDGOSZCZ (BIELICE)', '74-202', 4.8, 5.25, 4.93, 2.03, 1, '', 53.2353, 14.7875, 36, 11),
(629, 'WASBRUK SPÓŁKA Z OGRANICZONĄ ODPOWIEDZIALNOŚCIĄ', 'JEDNOŚCI NARODOWEJ 7', 'LIPIANY', '74-240', 4.8, 5.04, 4.78, 2.26, 1, '', 50.7906, 16.8426, 16, 5),
(630, 'P.U.H. STACJA PALIW CHROM WIESŁAW CHROMICZ', 'MYŚLIBORSKA 8', 'LIPIANY', '74-240', 4.75, 5.09, 4.73, 2.29, 1, '', 53.0032, 14.9763, 14, 9),
(631, 'LECH ŚWIERCZYŃSKI PRZEDSIĘBIORSTWO WIELOBRANŻOWE \"KAROL\"', 'PRZEMYSŁOWA', 'MIELNO', '74-204', 4.56, 4.77, 4.63, 2.34, 1, '', 53.125, 23.2145, 60, 14),
(632, 'AUTO-GAZ „FENIX” STACJA PALIW', 'SZCZECIŃSKA', 'PYRZYCE', '74-200', 4.6, 4.83, 4.83, 2.19, 1, '', 53.4285, 14.5528, 84, 22),
(633, 'STACJA PALIW - CHROM CHROMICZ EMILIA', 'WARSZAWSKA 10', 'PYRZYCE', '74-200', 4.7, 0, 4.88, 2.03, 1, '', 53.1345, 23.1681, 11, 4),
(634, 'POLSKI KONCERN NAFTOWY ORLEN SPÓŁKA AKCYJNA (STACJA NR 4252)', 'SZCZECIŃSKA 29', 'PYRZYCE', '74-200', 4.46, 4.93, 4.73, 2.1, 2, '', 53.4719, 14.5436, 60, 17),
(635, 'SPÓŁKA JAWNA DALL K.K. RUDYŃSCY', 'LIPIAŃSKA 30', 'PYRZYCE', '74-200', 4.56, 4.77, 4.88, 2.34, 1, '', 53.126, 14.888, 22, 8),
(636, 'FARAON MAŁGORZATA SYLWIA LACH-GWIAZDA', 'SZCZECIŃSKA 30', 'PYRZYCE', '74-200', 4.51, 5.31, 4.63, 2.08, 1, '', 53.4721, 14.5433, 39, 9),
(637, 'PALIWA I PRODUKTY NAFTOWE MARIAN PASTUSZAK SPÓŁKA JAWNA', 'ŻWIRKI I WIGURY  3', 'PYRZYCE', '74-200', 4.51, 4.99, 4.73, 2.19, 1, '', 52.1825, 20.9776, 41, 10),
(638, 'POLSKI KONCERN NAFTOWY ORLEN SPÓŁKA AKCYJNA (STACJA NR 153)', 'M. CURIE-SKŁODOWSKIEJ 28', 'DARŁOWO', '76-150', 4.8, 4.77, 4.68, 2.03, 2, '', 53.1259, 18.0318, 138, 30),
(639, 'PRZEDSIĘBIORSTWO HANDLOWO-USŁUGOWO-PRODUKCYJNE \"ROLMASZ\" SPÓŁKA Z OGRANICZONĄ ODPOWIEDZIALNOŚCIĄ', 'DĄBROWSKIEGO 1', 'DARŁOWO', '76-150', 4.51, 5.15, 4.63, 2.26, 1, '', 52.2028, 21.0224, 20, 7),
(640, 'BP EUROPA SE SPÓŁKA EUROPEJSKA ODDZIAŁ W POLSCE', 'SOWIŃSKIEGO 25', 'DARŁOWO', '76-150', 4.7, 5.2, 4.88, 0, 3, '', 52.2241, 20.9358, 131, 32),
(641, 'AGRO-INVEST ANETTA WIĄCEK', 'MALECHOWO 3', 'MALECHOWO', '76-142', 4.8, 4.61, 4.68, 0, 1, '', 54.3007, 16.5156, 12, 5),
(642, 'POLSKI KONCERN NAFTOWY ORLEN SPÓŁKA AKCYJNA (STACJA NR 4054)', 'ARMII KRAJOWEJ 22', 'SŁAWNO', '76-100', 4.8, 4.99, 4.88, 2.15, 2, '', 54.5179, 18.5443, 161, 36),
(643, '\"OKTAN BRZESKI, GRZENKOWICZ\" SPÓŁKA JAWNA', 'GDAŃSKA 68E', 'SŁAWNO', '76-100', 4.6, 5.04, 4.73, 2.31, 1, '', 54.3646, 16.7011, 65, 17),
(644, 'PH BRENT SPÓŁKA Z OGRANICZONĄ ODPOWIEDZIALNOŚCIĄ', 'KOSZALIŃSKA 54', 'SŁAWNO', '76-100', 4.46, 4.83, 4.78, 2.1, 1, '', 54.35, 16.6685, 16, 7),
(645, 'AVACAR SPÓŁKA Z OGRANICZONĄ ODPOWIEDZIALNOŚCIA', 'POLANOWSKA 39A', 'SŁAWNO', '76-100', 4.75, 5.25, 4.58, 2.24, 1, '', 54.3526, 16.6798, 32, 11),
(646, 'STACJA PALIW STANISŁAW MUSZYŃSKI', 'WIEKOWO 1A', 'WIEKOWO', '76-150', 4.75, 5.09, 4.83, 2.22, 1, '', 54.3048, 16.3751, 90, 19),
(647, 'ZDZISŁAW IZDEBSKI PUNKT HANDLU ROLNEGO', 'ŻUKOWO 31A', 'ŻUKOWO', '76-124', 4.7, 5.2, 4.58, 2.15, 1, '', 54.342, 18.365, 53, 20),
(648, 'POLSKI KONCERN NAFTOWY ORLEN SPÓŁKA AKCYJNA NR 1035', 'STARGARDZKA 22', 'DOBRZANY', '73-130', 4.7, 5.04, 4.73, 2.03, 2, '', 51.1325, 16.9488, 83, 19),
(649, '\"STACJA PALIW\" BEDNARSKA HELENA SPÓŁKA Z OGRANICZONĄ ODPOWIEDZIALNOSCIĄ', 'KOLEJOWA 25', 'DOLICE', '73-115', 4.8, 4.72, 4.83, 2.12, 1, '', 50.0268, 19.9865, 25, 6),
(650, 'EWA ZBIGNIEW SŁUGOCCY', 'KOBYLANKA', 'KOBYLANKA', '73-110', 4.46, 0, 4.63, 2.03, 1, '', 53.3448, 14.8719, 61, 16),
(651, '\"EURO\" KIELA SPÓŁKA JAWNA (FR. ORLEN)', 'KRĄPIEL 55', 'KRĄPIEL', '73-131', 4.56, 5.09, 4.68, 0, 2, '', 53.2916, 15.2365, 164, 34),
(652, 'BP EUROPA SE SPÓŁKA EUROPEJSKA ODDZIAŁ W POLSCE', 'STARGARDZKA 1', 'LIPNIK', '73-100', 4.6, 4.93, 0, 2.15, 3, '', 51.1304, 16.9534, 26, 13),
(653, 'POLSKI KONCERN NAFTOWY ORLEN SPÓŁKA AKCYJNA (STACJA NR 975)', 'SZCZECIŃSKA 25', 'MORZYCZYN', '73-108', 4.56, 4.67, 0, 2.31, 2, '', 53.4715, 14.5437, 74, 22),
(654, 'PRZEDSIĘBIORSTWO HANDLOWO-USŁUGOWE OAZA SP. Z O.O. (PART. BP)', 'MOTANIEC 26', 'MOTANIEC', '73-108', 4.51, 0, 4.88, 2.31, 3, '', 53.3477, 14.8403, 114, 28),
(655, 'BUMERNAG - \"HIL-GAZ\" PAWEŁ HILDEBRAŃSKI', 'NIEPODLEGŁOŚCI 2A', 'STARGARD', '73-110', 4.65, 4.72, 4.63, 2.31, 1, '', 53.9649, 18.5236, 35, 9),
(656, 'MONIKA KAMIŃSKA CALINECZKA', 'PODLEŚNA 14', 'STARGARD', '73-110', 4.46, 4.93, 4.73, 0, 1, '', 53.3521, 15.0209, 150, 30),
(657, '\"H.P. RYBICKI\" SP. Z O.O.', 'PIERWSZEJ BRYGADY 35', 'STARGARD', '73-110', 4.46, 0, 4.63, 0, 1, '', 53.3449, 15.0233, 30, 15),
(658, '\"PRZEDSIĘBIORSTWO HANDLOWO-USŁUGOWE DARIUSZ BOBRYK, DOROTA BOBRYK\" SPÓŁKA JAWNA', 'WOJSKA POLSKIEGO 95', 'STARGARD SZCZECIŃSKI', '73-110', 4.7, 4.77, 4.68, 2.05, 1, '', 53.4388, 14.536, 61, 18),
(659, 'POLSKI KONCERN NAFTOWY ORLEN SPÓŁKA AKCYJNA NR 1283', 'BYDGOSKA 97', 'STARGARD SZCZECIŃSKI', '73-100', 4.56, 0, 4.68, 2.34, 2, '', 53.3308, 15.0647, 85, 24),
(660, 'PKS SP. Z O.O.', 'GDAŃSKA 1', 'STARGARD SZCZECIŃSKI', '73-110', 4.65, 5.15, 4.93, 2.03, 1, '', 51.1163, 17.0647, 67, 23),
(661, 'SHELL POLSKA SPÓŁKA Z OGRANICZONĄ ODPOWIEDZIALNOŚCIĄ (STACJA NR 4118)', 'SZCZECIŃSKA 81', 'STARGARD SZCZECIŃSKI', '73-100', 4.7, 5.04, 4.83, 2.26, 5, '', 53.3416, 14.9897, 56, 13),
(662, 'POLSKI KONCERN NAFTOWY ORLEN SPÓŁKA AKCYJNA (STACJA NR 143)', 'SZCZECIŃSKA 49', 'STARGARD SZCZECIŃSKI', '73-110', 4.8, 5.15, 4.83, 2.15, 2, '', 53.5447, 14.4661, 67, 19),
(663, 'SPÓŁDZIELNIA PRACY TRANSPORTU MLECZRSKIEGO \"TRANSMLECZ\"', 'BYDGOSKA 65', 'STARGARD SZCZECIŃSKI', '73-110', 0, 4.93, 4.78, 0, 1, '', 53.332, 15.0611, 60, 13),
(664, 'PGF ZACHÓD SPÓŁKA Z OGRANICZONĄ ODPOWIEDZIALNOŚCIĄ SPÓŁKA KOMANDYTOWA (FR. ORLEN)', 'ŁABĘDZIA  22', 'STARGARD SZCZECIŃSKI', '73-110', 4.75, 0, 0, 2.05, 2, '', 53.3331, 15.0437, 7, 4),
(665, 'BP EUROPA SE SPÓŁKA EUROPEJSKA ODDZIAŁ W POLSCE', 'SZCZECIŃSKA 8', 'STARGARD SZCZECIŃSKI', '73-110', 4.51, 4.67, 4.83, 2.03, 3, '', 53.3391, 15.0286, 34, 16),
(666, 'CIRCLE K POLSKA SPÓŁKA Z OGRANICZONĄ ODPOWIEDZIALNOŚCIĄ', 'SZCZECIŃSKA 19', 'STARGARD SZCZECIŃSKI', '93-100', 4.75, 5.31, 4.58, 2.1, 6, '', 53.037, 18.6988, 9, 5),
(667, '\"EURO\" KIELA SPÓŁKA JAWNA (FR. ORLEN)', 'STARZYCE 30', 'STARZYCE', '73-120', 4.65, 0, 4.58, 2.12, 2, '', 53.4543, 15.3267, 23, 8),
(668, 'SZEJK SPÓŁKA Z OGRANICZONĄ ODPOWIEDZIALNOŚCIĄ', 'STRACHOCIN 48', 'STRACHOCIN', '73-110', 0, 4.67, 4.73, 2.31, 1, '', 53.3231, 15.0765, 41, 9),
(669, 'KURDEK SP. J', 'POMORSKA 119', 'SUCHAŃ', '73-132', 4.75, 5.04, 4.93, 2.17, 1, '', 53.2767, 15.3381, 60, 13),
(670, 'POLSKI KONCERN NAFTOWY ORLEN SPÓŁKA AKCYJNA (STACJA NR 860)', 'POMORSKA 22A', 'SUCHAŃ', '73-132', 4.7, 5.15, 4.83, 2.08, 2, '', 54.4197, 18.5803, 129, 29),
(671, 'DANPOL ANDRZEJ DANIŁOWICZ (STACJA FRANCZYZOWA PKN ORLEN S.A. NR 7566)', 'JANA PAWŁA II 1', 'BARWICE', '78-460', 4.51, 4.83, 4.93, 0, 2, '', 52.2183, 21.2425, 27, 8),
(672, 'RUBONAFT SP. Z O.O.', 'MONIUSZKI  1', 'BARWICE', '78-460', 4.7, 4.77, 4.88, 2.12, 1, '', 52.2347, 21.0124, 55, 14),
(673, 'POLSKI KONCERN NAFTOWY ORLEN SPÓŁKA AKCYJNA NR 4432', 'KWIATOWA 1', 'BIAŁY BÓR', '78-425', 0, 4.77, 4.88, 0, 2, '', 51.7542, 18.0938, 29, 10),
(674, 'ROMGAZ RS SPÓŁKA Z OGRANICZONĄ ODPOWIEDZIALNOŚCIĄ SPÓŁKA KOMANDYTOWA', 'DWORCOWA 1', 'BIAŁY BÓR', '78-425', 4.6, 5.25, 0, 2.03, 1, '', 52.4016, 16.9115, 6, 3),
(675, 'LENA MEYER, EUGENIUSZ MEYER - WSPÓLNICY SPÓŁKI CYWILNEJ', 'WOJSKA POLSKIEGO 5', 'BORNE SULINOWO', '78-448', 4.56, 4.72, 4.88, 2.12, 1, '', 54.0867, 18.7902, 104, 27),
(676, 'KOSZALIŃSKIE PRZEDSIĘBIORSTWO PRZEMYSŁU DRZEWNEGO SPÓŁKA AKCYJNA', 'KROSINO', 'KROSINO', '78-452', 4.6, 5.15, 4.78, 2.05, 1, '', 53.8429, 16.3066, 16, 8),
(677, 'OPAK LEOPOLD PĄCZKA SP.J.', 'SILNOWO', 'SILNOWO', '78-446', 4.46, 5.25, 4.83, 2.17, 1, '', 53.6291, 16.4926, 58, 17),
(678, 'DOMINIA SP. Z O.O., STACJA PALIW INTERMARCHE', 'KOŁOBRZESKA 1', 'SZCZECINEK', '78-400', 4.51, 5.31, 4.73, 2.05, 1, '', 53.779, 20.4909, 134, 29),
(679, 'CIRCLE K POLSKA SPÓŁKA Z OGRANICZONĄ ODPOWIEDZIALNOŚCIĄ', 'CIEŚLAKA 2', 'SZCZECINEK', '78-400', 4.56, 5.31, 4.88, 2.22, 6, '', 53.7077, 16.7099, 60, 18),
(680, '\"LOTOS PALIWA\" SPÓŁKA Z OGRANICZONĄ ODPOWIEDZIALNOŚCIĄ', 'CIEŚLAKA 5', 'SZCZECINEK', '78-400', 4.46, 4.67, 4.58, 2.17, 4, '', 53.7088, 16.7072, 35, 13),
(681, 'SHELL POLSKA SPÓŁKA Z OGRANICZONĄ ODPOWIEDZIALNOŚCIĄ (STACJA NR 4131)', 'KOSZALIŃSKA 84', 'SZCZECINEK', '78-400', 4.8, 0, 4.63, 2.22, 5, '', 53.7236, 16.6787, 81, 21),
(682, 'TESCO (POLSKA) SPÓŁKA Z OGRANICZONĄ ODPOWIEDZIALNOŚCIA', 'KOSZALIŃSKA 82', 'SZCZECINEK', '78-400', 4.46, 4.83, 4.73, 2.29, 1, '', 53.7207, 16.6788, 47, 14),
(683, 'POLSKI KONCERN NAFTOWY ORLEN SPÓŁKA AKCYJNA NR 51', 'KOSZALINSKA 34', 'SZCZECINEK', '78-400', 4.6, 4.77, 0, 2.26, 2, '', 54.2398, 16.1775, 45, 18),
(684, 'KM USŁUGI SPÓŁKA Z OGRANICZONĄ ODPOWIEDZIALNOŚCIĄ', 'CIEŚLAKA 4', 'SZCZECINEK', '78-400', 4.56, 5.15, 4.83, 2.19, 1, '', 53.7069, 16.7101, 45, 9),
(685, 'POLPETROL S.A.', 'PILSKA 14', 'SZCZECINEK', '78-400', 4.56, 5.04, 4.73, 2.05, 1, '', 53.6801, 16.7108, 54, 18),
(686, '\"HURTPETROL\" SPÓŁKA Z OGRANICZONĄ ODPOWIEDZIALNOŚCIA', 'WARYŃSKIEGO 2', 'SZCZECINEK', '78-400', 4.65, 4.72, 4.58, 2.17, 1, '', 51.8026, 19.7488, 51, 17),
(687, 'PRZEDS.HANDLU CHEMIKALIAMI \"CHEMIA\"S.A.', 'ŁUKASIEWICZA  1', 'SZCZECINEK', '78-400', 4.65, 4.77, 4.93, 2.31, 1, '', 53.1074, 18.058, 81, 19),
(688, 'POLSKI KONCERN NAFTOWY ORLEN SPÓŁKA AKCYJNA (STACJA NR 346)', 'WARSZAWSKA 60 (30)', 'POŁCZYN-ZDRÓJ', '78-320', 4.75, 5.04, 0, 2.24, 2, '', 52.393, 20.9349, 144, 33),
(689, 'ANTONI WIESŁAW DANIŁOWICZ PRZEDSIĘBIORSTWO WIELOBRANŻOWE \"DAN-POL\" WIESŁAW DANIŁOWICZ', 'KOSZALIŃSKA 12', 'POŁCZYN-ZDRÓJ', '78-320', 4.7, 4.93, 4.88, 2.17, 1, '', 53.771, 16.0921, 27, 12),
(690, 'STACJA PALIW TADEUSZ ŻELAZEK', 'RĄBINO 1C', 'RĄBINO', '78-331', 4.6, 5.31, 0, 2.19, 1, '', 53.874, 15.9608, 20, 6),
(691, 'KPPD-SZCZECINEK ZAKŁAD PRZEMYSŁU DREWNEGO', 'KOŁOBRZESKA 27A', 'SŁAWOBORZE', '78-314', 4.65, 4.72, 4.88, 2.29, 1, '', 54.403, 18.5835, 36, 13),
(692, 'PRODUKTY NAFTOWE CPN SPÓŁKA Z OGRANICZONĄ ODPOWIEDZIALNOŚCIĄ', 'SMARDZKO 5', 'SMARDZKO', '78-300', 4.7, 4.99, 4.93, 2.22, 1, '', 53.7758, 15.8515, 15, 6),
(693, 'POLSKI KONCERN NAFTOWY ORLEN SPÓŁKA AKCYJNA (STACJA NR 624)', 'SZCZECIŃSKA 30A', 'ŚWIDWIN', '78-300', 4.6, 4.61, 4.83, 2.31, 2, '', 53.3396, 15.0232, 100, 27),
(694, 'AMAR SPÓŁKA Z OGRANICZONĄ ODPOWIEDZIALNOŚCIĄ (INTERMARCHE)', 'KOMBATANTÓW POLSKICH 3D', 'ŚWIDWIN', '78-300', 4.6, 4.88, 4.88, 2.17, 1, '', 53.7698, 15.7865, 48, 18),
(695, 'POLSKI KONCERN NAFTOWY ORLEN SPÓŁKA AKCYJNA (STACJA NR 4218)', 'SPÓŁDZIELCZA 2', 'ŚWIDWIN', '78-300', 4.46, 5.25, 4.68, 2.05, 2, '', 52.0319, 23.1102, 32, 15),
(696, 'BUDMEL SP. Z O.O.', 'DZWONOWO', 'DZWONOWO', '78-630', 4.8, 4.99, 4.68, 2.12, 1, '', 52.592, 17.1369, 108, 25),
(697, '\"PRZEDSIĘBIORSTWO HANDLOWO-USŁUGOWE DARIUSZ BOBRYK, DOROTA BOBRYK\" SPÓŁKA JAWNA', 'LUBNO 72', 'LUBNO', '78-600', 4.65, 5.31, 4.73, 0, 1, '', 49.5842, 18.3804, 18, 7),
(698, 'PPHU PETROL-HAWEN JERZY ZMYŚLONY, ALEKSANDRA ZMYŚLONA SP.J. (STACJA PARTNERSKA MARKI BP)', 'ŁOWICZ WAŁECKI', 'ŁOWICZ WAŁECKI', '78-650', 4.56, 5.04, 4.83, 2.08, 3, '', 53.3333, 16.0326, 100, 28),
(699, 'AGMA EDWARDA ZĄBEK', 'NOWA 31A', 'MIROSŁAWIEC', '78-650', 4.6, 4.72, 4.58, 2.08, 1, '', 51.5828, 17.6702, 93, 27),
(700, 'EKO-TRANS-PLUS SP. Z O.O.', 'GŁÓWNA', 'SZWECJA', '78-611', 0, 0, 4.63, 0, 1, '', 52.4939, 17.2939, 92, 22),
(701, 'MARIAN KOSOWIEC, MIECZYSŁAW STAŃCZYK SP.C. PHU STAKOS', 'WOLNOŚCI', 'TUCZNO', '78-640', 4.8, 5.15, 0, 2.19, 1, '', 40.6893, -74.0445, 16, 9),
(702, '\"NESTE POLSKA\" SP. Z O.O.', 'BUDOWLANYCH', 'WAŁCZ', '78-600', 4.75, 4.93, 4.63, 0, 1, '', 54.6111, 18.2042, 14, 5),
(703, 'NAFCIARZE SP.J. ZBIGNIEW KAROLEWSKI, PIOTR GŁOWACKI, LECH VOGEL', 'POŁUDNIOWA 57', 'WAŁCZ', '78-600', 4.7, 5.25, 4.58, 2.34, 1, '', 49.8164, 19.069, 10, 6),
(704, '\"ADGAM INVESTMENT\" SPÓŁKA Z OGRANICZONĄ ODPOWIEDZIALNOŚCIĄ (PART. BP)', 'ANDERSA 9', 'WAŁCZ', '78-600', 4.6, 4.88, 4.63, 2.05, 3, '', 51.2594, 22.5837, 38, 10),
(705, 'KAZIMIERZ JAROSZEWICZ PRZEDSIĘBIORSTWO WIELOBRANŻOWE ARTMOT', 'WRONIA 16', 'WAŁCZ', '78-600', 4.8, 4.72, 4.88, 2.31, 1, '', 52.2322, 20.9863, 122, 27),
(706, 'PHU \"GAZ-MOT\" MARIA CHORĄŻYCZEWSKA, CZESŁAW CHORĄŻYCZEWSKI SP.J.,(STACJA SHELL POLSKA SP. Z O.O. NR 8212)', 'BYDGOSKA', 'WAŁCZ', '78-600', 4.8, 0, 4.73, 2.08, 5, '', 50.0706, 19.9099, 51, 16),
(707, 'STACJA PALIW BUDMEL SP. Z O.O.', 'KOŁOBRZESKA 44', 'WAŁCZ', '78-600', 4.8, 4.93, 4.83, 2.22, 1, '', 53.2819, 16.4598, 18, 8),
(708, 'POLSKI KONCERN NAFTOWY ORLEN SPÓŁKA AKCYJNA (STACJA NR 183)', 'PODLEŚNA 1', 'WAŁCZ', '78-600', 4.46, 5.04, 4.83, 2.19, 2, '', 52.241, 21.183, 6, 4),
(709, 'GRUPA INVESTYCYJNO KAPITAŁOWA \"GIK\" SPÓŁKA Z OGRANICZONĄ ODPOWIEDZIALNOŚCIĄ (FR. ORLEN)', 'KOŁOBRZESKA 41', 'WAŁCZ', '78-600', 0, 5.04, 4.93, 2.05, 2, '', 54.4036, 18.5867, 28, 9),
(710, 'VICTORIA CYMES SPÓŁKA Z OGRANICZONĄ ODPOWIEDZIALNOŚCIĄ', 'BUDOWLANYCH 95', 'WAŁCZ', '78-600', 4.75, 4.77, 4.63, 2.15, 1, '', 53.2726, 16.4972, 61, 22),
(711, 'SHELL POLSKA SPÓŁKA Z OGRANICZONĄ ODPOWIEDZIALNOŚCIĄ (STACJA NR 2702)', 'SYRENKI 3', 'KOSZALIN', '75-123', 4.65, 5.04, 4.88, 2.15, 5, '', 52.0835, 21.0204, 71, 19),
(712, 'PRZEDSIĘBIORSTWO GOSPODARKI KOMUNALNEJ SP. Z O.O', 'GNIEŹNIEŃSKA  6', 'KOSZALIN', '75-724', 4.75, 4.83, 4.88, 2.34, 1, '', 54.1818, 16.1897, 110, 29),
(713, '\"SKA\" AUTOGAZ TOMASZ STASZEWSKI', 'SZCZECIŃSKA 35B', 'KOSZALIN', '75-122', 4.7, 5.25, 4.93, 2.22, 1, '', 53.964, 14.7792, 72, 22),
(714, 'POLSKI KONCERN NAFTOWY ORLEN SPÓŁKA AKCYJNA NR 4298', 'BOHATERÓW WARSZAWY 25', 'KOSZALIN', '75-211', 4.56, 4.93, 4.78, 2.03, 2, '', 52.3376, 20.9904, 84, 18),
(715, 'AUTO RACJA SP.J. (STACJA PARTNERSKA MARKI BP)', 'PRZEMYSŁOWA 1A', 'KOSZALIN', '75-216', 4.6, 4.88, 4.73, 2.29, 3, '', 50.0266, 21.9757, 48, 14),
(716, 'MIEJSKI ZAKŁAD KOMUNIKACJI SPÓŁKA Z OGRANICZONĄ ODPOWIEDZIALNOŚCIĄ W KOSZALINIE', 'WĄWOZOWA 1A', 'KOSZALIN', '75-352', 4.65, 4.72, 4.58, 0, 1, '', 52.1325, 21.0746, 14, 8),
(717, 'CIRCLE K POLSKA SPÓŁKA Z OGRANICZONĄ ODPOWIEDZIALNOŚCIĄ', 'MORSKA 152', 'KOSZALIN', '75-237', 0, 5.31, 4.73, 2.05, 6, '', 54.2173, 16.1137, 107, 29),
(718, 'SHELL POLSKA SPÓŁKA Z OGRANICZONĄ ODPOWIEDZIALNOŚCIĄ (STACJA NR 2211)', 'ROLNA 16', 'KOSZALIN', '75-122', 4.75, 5.31, 4.93, 2.24, 5, '', 54.2028, 16.2083, 25, 8),
(719, 'KAZIMIERZ PACZOS PHU IMPULS', 'GNIEŹNIEŃSKA 87', 'KOSZALIN', '75-736', 4.6, 4.99, 4.83, 2.15, 1, '', 54.1718, 16.2053, 140, 33),
(720, 'SHELL POLSKA SPÓŁKA Z OGRANICZONĄ ODPOWIEDZIALNOŚCIĄ (STACJA NR 2704)', 'MONTE CASSINO 24', 'KOSZALIN', '75-412', 4.7, 4.93, 4.68, 0, 5, '', 53.438, 14.5386, 49, 12),
(721, 'CIRCLE K POLSKA SPÓŁKA Z OGRANICZONĄ ODPOWIEDZIALNOŚCIĄ', 'PADEREWSKIEGO 4', 'KOSZALIN', '75-710', 4.46, 4.83, 4.58, 2.34, 6, '', 50.8694, 20.6221, 19, 6),
(722, 'CIRCLE K POLSKA SPÓŁKA Z OGRANICZONĄ ODPOWIEDZIALNOŚCIĄ', 'KRAKUSA I WNADY 32', 'KOSZALIN', '75-232', 4.46, 5.15, 4.68, 2.05, 6, '', 54.1881, 16.1741, 65, 16),
(723, 'TOTAL BIO SPÓŁKA Z OGRANICZONĄ ODPOWIEDZIALNOSCIĄ', 'BOWID 7', 'KOSZALIN', '75-950', 4.51, 0, 4.58, 2.12, 1, '', 54.1989, 16.1505, 44, 10),
(724, 'PRZEDSIĘBIORSTWO HANDLOWO-USŁUGOWE \"GALANT-OIL\" JAN KARASIŃSKI', 'POŁCZYŃSKA  71A', 'KOSZALIN', '75-811', 4.7, 4.72, 4.93, 2.12, 1, '', 54.1725, 16.1852, 74, 16),
(725, 'POLSKI KONCERN NAFTOWY ORLEN SPÓŁKA AKCYJNA (STACJA NR 4269)', 'MORSKA 150A', 'KOSZALIN', '75-235', 4.6, 4.93, 0, 2.29, 2, '', 54.2099, 16.153, 64, 14),
(726, 'BP EUROPA SE SPÓŁKA EUROPEJSKA ODDZIAŁ W POLSCE', 'GDAŃSKA  21', 'KOSZALIN', '75-304', 4.75, 4.77, 4.68, 2.03, 3, '', 54.4028, 18.6346, 115, 26),
(727, 'BP EUROPA SE SPÓŁKA EUROPEJSKA ODDZIAŁ W POLSCE', 'KRAKUSA I WANDY 1E', 'KOSZALIN', '75-824', 4.7, 0, 4.58, 2.15, 3, '', 54.1826, 16.1835, 108, 25),
(728, 'POLSKI KONCERN NAFTOWY ORLEN SPÓŁKA AKCYJNA (STACJA NR 4283)', 'WŁADYSŁAW IV 135', 'KOSZALIN', '75-342', 4.6, 4.72, 4.68, 0, 2, '', 54.2115, 16.1812, 141, 29),
(729, 'ZPH \"CORRECT\" GRZEGORZ DECKERT, STEFAN SOROKA S.J., PRZEDSIĘBIORSTWO PKS GRYFICE SP. Z O.O.', 'BOHATERÓW WARSZAWY 2', 'KOSZALIN', '75-211', 4.51, 5.04, 4.63, 2.24, 1, '', 52.3358, 20.988, 20, 10),
(730, 'ROBERT SKWIERAWSKI FIRMA WIELOBRANŻOWA DAMEK', 'PRZEMYSŁOWA 11', 'KOSZALIN', '75-219', 4.7, 4.67, 4.73, 2.12, 1, '', 52.399, 16.9187, 61, 16),
(731, 'POLSKI KONCERN NAFTOWY ORLEN SPÓŁKA AKCYJNA (STACJA NR 1308)', 'GNIEŹNIEŃSKA 34', 'KOSZALIN', '75-721', 4.56, 5.31, 4.73, 2.03, 2, '', 54.177, 16.1969, 40, 9),
(732, 'POCZTA POLSKA S.A.', 'BOHATERÓW WARSZAWY 3', 'KOSZALIN', '75-211', 4.56, 4.67, 4.93, 2.24, 1, '', 52.1915, 20.896, 32, 9),
(733, 'MIEJSKI ZAKŁAD KOMUNIKACJI SPÓŁKA Z OGRANICZONĄ ODPOWIEDZIALNOŚCIĄ W KOSZALINIE', 'GNIEŹNIEŃSKA 9', 'KOSZALIN', '75-736', 4.46, 0, 4.58, 2.08, 1, '', 54.1821, 16.1946, 36, 12),
(734, 'NORDSAFE SPÓŁKA Z OGRANICZONĄ ODPOWIEDZIALNOŚCIĄ', 'GNIEŹNIEŃSKA 18', 'KOSZALIN', '75-736', 4.8, 4.93, 4.73, 2.19, 1, '', 54.1792, 16.194, 7, 4),
(735, '\"KABROL-BIS\" SPÓŁKA Z OGRANICZONĄ ODPOWIEDZIALNOŚCIĄ', 'GDAŃSKA 31', 'KOSZALIN', '75-304', 4.51, 4.83, 4.58, 2.26, 1, '', 51.7664, 19.4497, 75, 20),
(736, 'POLSKI KONCERN NAFTOWY ORLEN SPÓŁKA AKCYJNA (STACJA NR 31)', 'PIŁSUDSKIEGO 37A', 'KOSZALIN', '75-304', 4.46, 4.72, 4.93, 2.05, 2, '', 52.1678, 22.2727, 8, 5),
(737, '\"K&K\" KRÓLIKOWSKI ROBERT, KUŚ PIOTR SP. J.', 'POWSTAŃCÓW WIELKOPOLSKICH 21/23', 'KOSZALIN', '75-304', 4.56, 4.93, 0, 2.17, 1, '', 52.0124, 16.0515, 24, 13),
(738, 'BP EUROPA SE SPÓŁKA EUROPEJSKA ODDZIAŁ W POLSCE', 'SŁOWIAŃSKA 16', 'KOSZALIN', '75-304', 4.7, 4.67, 4.63, 2.03, 3, '', 51.1245, 17.0412, 8, 3),
(739, '\"TRIDUM TRADE\" SP. Z O.O.,', 'SZCZECIŃSKA 57', 'KOSZALIN', '75-120', 0, 5.25, 4.63, 2.15, 1, '', 54.4553, 16.9857, 23, 9),
(740, 'STACJA PALIW J.T. J.SZAPIACZAN, T.KŁYS SP.J.', 'SZCZECIŃSKA 31E', 'KOSZALIN', '75-122', 4.7, 4.83, 4.58, 2.1, 1, '', 54.1841, 16.1573, 8, 5),
(741, '\"KGK\" SPÓŁKA Z OGRANICZONĄ ODPOWIEDZIALNOŚCIĄ', 'SZCZECIŃSKA 55', 'KOSZALIN', '75-017', 4.51, 4.67, 4.78, 2.26, 1, '', 51.807, 19.3726, 12, 4),
(742, 'TOMSOL SP. Z O.O.', 'ZWYCIĘSTWA 282', 'KOSZALIN', '75-304', 4.51, 5.15, 4.88, 2.34, 1, '', 54.1877, 16.2358, 49, 11),
(743, 'RADEK GAZ SERWIS URSZULA FLIS', 'TOKARSKA / PRZODOWNIKÓW PRACY', 'KOŁBACZ', '74-106', 4.56, 4.93, 4.63, 2.26, 1, '', 53.1289, 18.065, 33, 15),
(744, 'BOBRYK KRZYSZTOF. PRZEDSIĘBIORSTWO HANDLOWO - TRANSPORTOWE.STACJA PALIW NR 14', 'OBOTRYCKA 14B', 'SZCZECIN', '71-684', 4.75, 4.72, 4.88, 2.05, 1, '', 53.4591, 14.5733, 115, 24),
(745, 'DARIUSZ URBAŃSKI STACJA LPG', 'PIWNA 19', 'SZCZECIN', '70-754', 4.51, 5.04, 4.93, 2.24, 1, '', 50.0468, 19.9528, 6, 3),
(746, '\"JOT\"PRODUKCJA USŁUGI HANDEL HENRYK JAGIEŁŁO I SYLWESTER JAGIEŁŁO', 'STRUGA 82', 'SZCZECIN', '70-777', 4.6, 4.83, 4.78, 2.24, 1, '', 41.1778, 20.6783, 26, 6),
(747, 'WASBRUK  SP. Z O.O.', 'WIOSENNA 29', 'SZCZECIN', '70-777', 4.75, 4.77, 4.93, 2.31, 1, '', 54.1571, 16.1694, 50, 13),
(748, 'INTERGAS LTD STACJA LPG', 'TCZEWSKA 32', 'SZCZECIN', '70-850', 4.56, 0, 4.83, 2.29, 1, '', 53.3885, 14.7215, 27, 13),
(749, 'KRZYSZTOF ARMATYS, STACJA  LPG', 'TENISOWA 5 –KU SŁOŃCU 22 B', 'SZCZECIN', '70-900', 4.75, 5.2, 0, 2.05, 1, '', 53.4223, 14.526, 19, 5),
(750, 'SP. Z O.O. ,,AMBER’’ STACJA PALIW Z STACJĄ LPG', 'GDAŃSKA 42', 'SZCZECIN', '70-660', 4.7, 5.09, 4.73, 2.1, 1, '', 53.1293, 18.0075, 101, 26),
(751, 'SHELL POLSKA SPÓŁKA Z OGRANICZONĄ ODPOWIEDZIALNOŚCIĄ (STACJA NR 4130)', 'SZOSA STARGARDZKA 37', 'SZCZECIN', '70-893', 4.8, 5.15, 4.88, 2.03, 5, '', 53.3625, 14.7425, 10, 6),
(752, 'TESCO (POLSKA) SPÓŁKA Z OGRANICZONĄ ODPOWIEDZIALNOŚCIA', 'MILCZAŃSKA 31F', 'SZCZECIN', '70-117', 4.46, 4.99, 4.88, 0, 1, '', 53.4068, 14.5176, 43, 16),
(753, '\"CARREFOUR POLSKA\" SPÓŁKA Z OGRANICZONĄ ODPOWIEDZIALNOŚCIĄ', 'MIESZKA I 73', 'SZCZECIN', '71-091', 4.6, 4.72, 4.73, 2.34, 1, '', 53.4109, 14.5224, 43, 16),
(754, 'CIRCLE K POLSKA SPÓŁKA Z OGRANICZONĄ ODPOWIEDZIALNOŚCIĄ', 'MODRA 116', 'SZCZECIN', '71-220', 4.75, 5.25, 4.93, 0, 6, '', 53.4551, 14.4726, 20, 6),
(755, '\"PRZEDSIĘBIORSTWO HANDLOWO-USŁUGOWE DARIUSZ BOBRYK, DOROTA BOBRYK\" SPÓŁKA JAWNA', 'DEBOGÓRSKA 34/36', 'SZCZECIN', '71-171', 4.8, 0, 4.58, 2.08, 1, '', 53.4586, 14.5885, 43, 16),
(756, 'POCZTA POLSKA SPÓŁKA AKCYJNA', 'GDAŃSKA 15A', 'SZCZECIN', '70-661', 4.75, 4.93, 4.63, 0, 1, '', 53.8282, 22.3513, 97, 21),
(757, 'PEKAES SPÓŁKA Z OGRANICZONĄ ODPOWIDZIALNOŚCIĄ', 'PRZYSZŁOŚCI 13F', 'SZCZECIN', '70-893', 4.56, 5.09, 4.88, 2.15, 1, '', 53.3531, 14.7455, 86, 24),
(758, 'SHELL POLSKA SPÓŁKA Z OGRANICZONĄ ODPOWIEDZIALNOŚCIĄ (STACJA NR 4102', 'SCZANIECKIEJ / 1-GO MAJA', 'SZCZECIN', '71-630', 4.46, 4.99, 4.68, 2.34, 5, '', 53.4399, 14.5639, 86, 19),
(759, 'ABM BOŻENA MARYNIAK', 'GOLISZA 10E', 'SZCZECIN', '71-682', 4.75, 5.31, 4.83, 0, 1, '', 53.4562, 14.5711, 105, 25),
(760, '\"CARREFOUR POLSKA\" SPÓŁKA Z OGRANICZONĄ ODPOWIEDZIALNOŚCIĄ', 'WIOSENNA 32', 'SZCZECIN', '70-907', 4.7, 5.15, 4.93, 2.15, 1, '', 53.3852, 14.6621, 17, 11),
(761, '\"LOTOS PALIWA\" SPÓŁKA Z OGRANICZONĄ ODPOWIEDZIALNOŚCIĄ', 'BATALIONÓW CHŁOPSKICH 22/23', 'SZCZECIN', '70-760', 4.46, 4.99, 4.83, 2.1, 4, '', 53.3795, 14.6275, 7, 4),
(762, 'BM REFLEX SPÓŁKA Z OGRANICZONĄ ODPOWIEDZIALNOŚCIĄ SPÓŁKA KOMANDYTOWA', 'GDAŃSKA 16', 'SZCZECIN', '70-661', 4.6, 4.83, 4.83, 2.26, 1, '', 53.1261, 18.004, 72, 23),
(763, 'TAGART LESZEK GADOMSKI', 'GRYFIŃSKA 111A', 'SZCZECIN', '70-806', 4.6, 5.04, 4.68, 2.31, 1, '', 53.388, 14.6544, 5, 3),
(764, 'BP EUROPA SE SPÓŁKA EUROPEJSKA ODDZIAŁ W POLSCE', 'WCZASÓW 33', 'SZCZECIN', '70-767', 4.7, 4.61, 4.68, 2.34, 3, '', 53.3855, 14.6314, 15, 6),
(765, 'SHELL POLSKA SPÓŁKA Z OGRANICZONĄ ODPOWIEDZIALNOŚCIĄ', 'MIESZKA I 29', 'SZCZECIN', '71-007', 4.56, 4.88, 4.88, 2.24, 5, '', 53.4084, 14.5094, 140, 33),
(766, '\"PRZEDSIĘBIORSTWO HANDLOWO-USŁUGOWE DARIUSZ BOBRYK, DOROTTA BOBRYK\" SPÓŁKA JAWNA', 'STRUGA 74', 'SZCZECIN', '70-777', 4.6, 5.15, 4.93, 2.22, 1, '', 53.3811, 14.6765, 48, 12),
(767, 'CIRCLE K POLSKA SPÓŁKA Z OGRANICZONĄ ODPOWIEDZIALNOŚCIĄ', 'BOHATERÓW WARSZAWY 37G', 'SZCZECIN', '70-340', 4.7, 5.31, 4.73, 2.12, 6, '', 52.3384, 20.9921, 11, 6),
(768, '\"FIRMA BARBARA BARBARA ŁBIK\" SPÓŁKA Z OGRANICZONĄ ODPOWIEDZIALNOŚCIĄ', 'GOLENIOWSKA 63', 'SZCZECIN', '70-830', 4.8, 0, 4.93, 2.08, 1, '', 53.4084, 14.6989, 115, 30),
(769, 'BP EUROPA SE SPÓŁKA EUROPEJSKA ODDZIAŁ W POLSCE', 'OBOTRYCKA 5', 'SZCZECIN', '71-684', 4.51, 4.88, 4.78, 0, 3, '', 52.7312, 15.2424, 175, 35),
(770, '\"PRZEDSIĘBIORSTWO HANDLOWO-USŁUGOWE DARIUSZ BOBRYK, DOROTA BOBRYK\" SPÓŁKA JAWNA J.', 'WERNYHORY   17', 'SZCZECIN', '71-240', 4.8, 4.93, 4.58, 0, 1, '', 53.4486, 14.4964, 11, 4),
(771, '\"PRZEDSIĘBIORSTWO HANDLOWO-USŁUGOWE DARIUSZ BOBRYK, DOROTA BOBRYK\" SPÓŁKA JAWNA', 'TAMA POMORZAŃSKA 13A', 'SZCZECIN', '70-030', 4.6, 4.99, 4.88, 2.24, 1, '', 53.406, 14.5406, 101, 25),
(772, 'TRANS-KAY, ZEL SPÓŁKA Z OGRANICZONĄ ODPOWIEDZIALNOSCIĄ, SPÓŁKA KOMANDYTOWA', 'PRZYSZŁOŚCI 13C', 'SZCZECIN', '70-893', 4.6, 4.72, 4.83, 2.12, 1, '', 53.3524, 14.7453, 89, 25),
(773, 'SHELL POLSKA SPÓŁKA Z OGRANICZONĄ ODPOWIEDZIALNOŚCIĄ', 'POŁUDNIOWA 9', 'SZCZECIN', '70-001', 4.51, 5.15, 4.73, 2.12, 5, '', 53.4038, 14.503, 23, 10),
(774, 'SHELL POLSKA SPÓŁKA Z OGRANICZONĄ ODPOWIEDZIALNOŚCIĄ (STACJA NR 7406)', 'STRUGA / BOTANICZNA', 'SZCZECIN', '70-777', 0, 4.93, 4.73, 2.19, 5, '', 53.3831, 14.6689, 72, 19),
(775, 'BP EUROPA SE SPÓŁKA EUROPEJSKA ODDZIAŁ W POLSCE', 'WOJSKA POLSKIEGO 184', 'SZCZECIN', '70-490', 4.7, 4.61, 4.93, 2.15, 3, '', 53.4515, 14.5121, 64, 15),
(776, 'LOTOS PALIWA SPÓŁKA Z OGRANICZONĄ ODPOWIEDZIALNOŚCIĄ', 'SZOSA STARGARDZKA 22G', 'SZCZECIN', '70-893', 4.7, 4.67, 4.88, 2.34, 4, '', 53.3618, 14.7416, 59, 13),
(777, 'BP EUROPA SE SPÓŁKA EUROPEJSKA ODDZIAŁ W POLSCE', 'MIESZKA I 79', 'SZCZECIN', '71-011', 4.7, 5.25, 4.93, 2.22, 3, '', 53.4121, 14.5224, 38, 12),
(778, 'LOMAX STACJE PALIW SPÓŁKA Z OGRANICZONĄ ODPOWIEDZIALNOSCIĄ', 'PRZESTRZENNA 4', 'SZCZECIN', '70-800', 4.8, 4.72, 4.63, 2.05, 1, '', 53.3971, 14.6181, 10, 6),
(779, 'WIESŁAW MALINOWSKI, WALDEMAR MALINOWSKI \"WM\" SP. J.', 'POMORSKA 138', 'SZCZECIN', '70-812', 4.8, 0, 4.73, 2.19, 1, '', 51.7784, 19.4903, 80, 25),
(780, 'GF ENERGIA SPÓŁKA Z OGRANICZONĄ ODPOWIEDZIALNOŚCIĄ SPÓŁKA KOMANDYTOWA', 'PRZESTRZENNA 3', 'SZCZECIN', '70-800', 0, 5.2, 4.83, 2.19, 1, '', 53.3998, 14.6169, 52, 14),
(781, 'OKTAN ENERGY & V/L SERVICE SP. Z O.O.', 'HRYNIEWIECKIEGO 12', 'SZCZECIN', '71-047', 4.7, 4.61, 0, 2.19, 1, '', 54.7984, 18.407, 95, 23),
(782, 'PEDRO DOMINIK OLSZEWSKI', 'KNIEWSKA 17', 'SZCZECIN', '70-846', 4.51, 5.31, 4.73, 2.17, 1, '', 53.4154, 14.7163, 82, 20),
(783, 'BM REFLEX SPÓŁKA Z OGRANICZONĄ ODPOWIEDZIALNOŚCIĄ SPÓŁKA KOMANDYTOWA', 'KOLUMBA 41', 'SZCZECIN', '70-035', 0, 5.04, 4.58, 2.34, 1, '', 53.41, 14.5412, 132, 28),
(784, 'LOTOS PALIWA SPÓŁKA Z OGRANICZONĄ ODPOWIEDZIALNOŚCIĄ', 'KU SŁOŃCU 62', 'SZCZECIN', '71-047', 4.51, 0, 4.93, 2.03, 4, '', 53.4205, 14.5151, 9, 6),
(785, 'SHELL POLSKA SPÓŁKA Z OGRANICZONĄ ODPOWIEDZIALNOŚCIĄ', 'DWORSKA 8', 'SZCZECIN', '71-026', 4.6, 4.77, 4.73, 2.26, 5, '', 51.1453, 16.9544, 11, 7),
(786, 'SHELL POLSKA SPÓŁKA Z OGRANICZONĄ ODPOWIEDZIALNOŚCIĄ', 'DERDOWSKIEGO 6', 'SZCZECIN', '71-087', 4.65, 4.83, 4.63, 2.15, 5, '', 53.4255, 14.4998, 31, 13),
(787, 'SHELL POLSKA SPÓŁKA Z OGRANICZONĄ ODPOWIEDZIALNOŚCIĄ (STACJA NR 4114)', 'ENERGETYKÓW 6', 'SZCZECIN', '70-656', 4.65, 5.31, 0, 2.26, 5, '', 51.3496, 19.3658, 37, 14),
(788, 'SHELL POLSKA SPÓŁKA Z OGRANICZONĄ ODPOWIEDZIALNOŚCIĄ (STACJA NR 4115)', 'AL. WOJSKA POLSKIEGO 142', 'SZCZECIN', '70-491', 4.8, 4.67, 4.63, 2.19, 5, '', 53.4454, 14.5225, 12, 6),
(789, 'POLSKI KONCERN NAFTOWY ORLEN SPÓŁKA AKCYJNA (STACJA NR 1456)', 'ESKADROWA 1', 'SZCZECIN', '71-765', 4.8, 0, 4.83, 2.08, 2, '', 53.3956, 14.6159, 4, 3),
(790, 'POLSKI KONCERN NAFTOWY ORLEN SPÓŁKA AKCYJNA (STACJA NR 1457)', 'WITKIEWICZA 22', 'SZCZECIN', '71-177', 4.65, 5.04, 4.93, 2.05, 2, '', 53.4328, 14.5072, 46, 11),
(791, 'POLSKI KONCERN NAFTOWY ORLEN SPÓŁKA AKCYJNA NR 1458', 'CHOPINA 16', 'SZCZECIN', '71-450', 4.46, 4.72, 4.73, 2.24, 2, '', 50.2614, 19.0158, 104, 24),
(792, 'POLSKI KONCERN NAFTOWY ORLEN SPÓŁKA AKCYJNA (STACJA NR 1281)', 'HRUBIESZOWSKA 57', 'SZCZECIN', '71-047', 4.56, 4.72, 4.93, 2.26, 2, '', 53.4261, 14.4831, 154, 32),
(793, 'POLSKI KONCERN NAFTOWY ORLEN SPÓŁKA AKCYJNA NR 1284', 'GOLENIOWSKA 99', 'SZCZECIN', '70-830', 4.56, 4.93, 4.88, 0, 2, '', 53.3974, 14.675, 24, 10),
(794, 'POLSKI KONCERN NAFTOWY ORLEN SPÓŁKA AKCYJNA (STACJA NR 1285)', 'PROFESORA LUDWIKA JANISZEWSKIEGO 2A', 'SZCZECIN', '71-004', 4.46, 4.67, 4.73, 2.08, 2, '', 53.4066, 14.5034, 26, 9),
(795, 'TRIDUM TRADE SP. Z O.O.', 'MIESZKA I 61', 'SZCZECIN', '71-011', 4.6, 5.09, 4.73, 2.15, 1, '', 53.4086, 14.5171, 63, 14),
(796, 'LOTOS PALIWA SPÓŁKA Z OGRANICZONĄ ODPOWIEDZIALNOŚCIĄ', 'PRZYJACIÓŁ ŻOŁNIERZA 8', 'SZCZECIN', '71-670', 4.46, 5.04, 0, 2.34, 4, '', 53.454, 14.5605, 21, 12),
(797, 'CIRCLE K POLSKA SPÓŁKA Z OGRANICZONĄ ODPOWIEDZIALNOŚCIĄ', 'GRYFIŃSKA 60', 'SZCZECIN', '70-772', 4.51, 4.93, 4.78, 2.17, 6, '', 53.3849, 14.6422, 14, 5),
(798, 'POLSKI KONCERN NAFTOWY ORLEN SPÓŁKA AKCYJNA (STACJA NR 466)', 'KOPERNIKA 19', 'SZCZECIN', '70-241', 4.65, 5.09, 4.73, 2.1, 2, '', 50.0627, 19.9519, 38, 15),
(799, 'STACJA PALIW PW \"MENAGO\" R.BĄK SZCZECIN AUTOSTRADA POZNAŃSKA NR 1', 'AUTOSTRADA POZNAŃSKA', 'SZCZECIN', '70-491', 4.65, 4.83, 4.58, 2.12, 1, '', 53.3794, 14.5441, 36, 13),
(800, 'POLSKI KONCERN NAFTOWY ORLEN SPÓŁKA AKCYJNA (STACJA NR 597)', 'MICKIEWICZA 41A', 'SZCZECIN', '70-636', 0, 4.61, 4.68, 2.12, 2, '', 53.4369, 14.5323, 14, 7),
(801, 'SHELL POLSKA SPÓŁKA Z OGRANICZONĄ ODPOWIEDZIALNOŚCIĄ', 'JASNA 15', 'SZCZECIN', '70-777', 4.8, 5.31, 4.88, 2.03, 5, '', 52.2348, 21.0114, 25, 12),
(802, 'BP EUROPA SE SPÓŁKA EUROPEJSKA ODDZIAŁ W POLSCE', 'ANDRZEJA STRUGA 1', 'SZCZECIN', '70-784', 0, 4.93, 4.88, 2.24, 3, '', 50.2717, 19.1431, 17, 6),
(803, 'SHELL POLSKA SPÓŁKA Z OGRANICZONĄ ODPOWIEDZIALNOŚCIĄ (STACJA NR 4103)', 'GDAŃSKA 10', 'SZCZECIN', '70-660', 0, 5.2, 4.63, 2.24, 5, '', 53.1253, 18.0033, 74, 19),
(804, 'POLSKI KONCERN NAFTOWY ORLEN SPÓŁKA AKCYJNA NR 655', 'PIŁSUDSKIEGO 6A', 'SZCZECIN', '71-524', 4.8, 4.67, 4.68, 2.15, 2, '', 51.1064, 17.022, 87, 21),
(805, 'POLSKI KONCERN NAFTOWY ORLEN SPÓŁKA AKCYJNA (STACJA NR 633)', 'KADŁUBKA 19', 'SZCZECIN', '71-521', 4.65, 4.77, 4.68, 2.17, 2, '', 53.5386, 14.5711, 57, 16),
(806, 'POLSKI KONCERN NAFTOWY ORLEN SPÓŁKA AKCYJNA (STACJA NR 973)', 'KOLUMBA 46/50', 'SZCZECIN', '70-035', 4.51, 4.61, 4.58, 2.29, 2, '', 53.4112, 14.5427, 20, 10),
(807, 'POLSKI KONCERN NAFTOWY ORLEN SPÓŁKA AKCYJNA NR 858', 'STRZAŁOWSKA 49', 'SZCZECIN', '71-730', 4.8, 4.93, 4.88, 2.12, 2, '', 53.4617, 14.5944, 101, 28),
(808, 'POLSKI KONCERN NAFTOWY ORLEN SPÓŁKA AKCYJNA (STACJA NR 790)', 'GRANITOWA 47A', 'SZCZECIN', '70-750', 4.7, 0, 4.78, 2.34, 2, '', 53.3717, 14.6062, 36, 11),
(809, '\"LOTOS PALIWA\" SPÓŁKA Z OGRANICZONĄ ODPOWIEDZIALNOŚCIĄ', 'SZOSA STAROGARDZKA 20-22', 'SZCZECIN', '70-892', 4.65, 4.93, 4.73, 2.1, 4, '', 53.3622, 14.7393, 37, 8),
(810, 'ADREM', 'KNIEWSKA 12', 'SZCZECIN', '70-846', 4.8, 5.31, 4.88, 0, 1, '', 53.4202, 14.7139, 22, 8),
(811, 'CIRCLE K POLSKA SPÓŁKA Z OGRANICZONĄ ODPOWIEDZIALNOŚCIĄ', 'KU SŁOŃCU 67', 'SZCZECIN', '71-047', 4.75, 4.72, 4.88, 2.08, 6, '', 53.4297, 14.4832, 84, 22),
(812, 'PALIWA I PRODUKTY NAFTOWE MARIAN PASTUSZAK SPÓŁKA JAWNA (FR. ORLEN)', 'GDAŃSKA 5', 'SZCZECIN', '70-660', 4.75, 5.2, 4.93, 2.24, 2, '', 53.1249, 18.0027, 23, 7),
(813, 'PGF ZACHÓD SPÓŁKA Z OGRANICZONĄ ODPOWIEDZIALNOŚCIĄ SPÓŁKA KOMANDYTOWA (STACJA FRANCZYZOWA PKN ORLEN S.A. NR 7579)', 'STRUGA 61', 'SZCZECIN', '70-777', 4.56, 5.09, 4.63, 2.05, 2, '', 53.3833, 14.6708, 116, 29),
(814, 'PH D*REM WOJCIECH TESZNER', 'KNIEWSKA 12', 'SZCZECIN-DĄBIE', '70-847', 4.7, 5.15, 4.63, 2.22, 1, '', 53.4202, 14.7139, 33, 9),
(815, '\"AUCHAN POLSKA\" SPÓŁKA Z OGRANICZONĄ ODPOWIEDZIALNOŚCIĄ', 'USTOWO 45', 'USTOWO', '70-001', 4.6, 4.99, 4.93, 2.19, 1, '', 53.3848, 14.5063, 52, 12),
(816, '„HYDRO” MIECZYSŁAW RĄBEL I GRZEGORZ RĄBEL SPÓŁKA JAWNA STACJA LPG', 'SKANDYNAWSKA 15', 'ŚWINOUJŚCIE', '72-602', 0, 4.93, 4.68, 2.1, 1, '', 53.9024, 14.275, 49, 10),
(817, 'ROBERT LITWINIEC STACJA LPG', 'SZTORMOWA 11', 'ŚWINOUJŚCIE', '72-605', 4.51, 4.88, 4.58, 2.29, 1, '', 54.7025, 18.6643, 47, 16),
(818, 'FARAON MAŁGORZATA SYLWIA LACH-GWIAZDA', 'NOWOKARSIBORSKA 8', 'ŚWINOUJŚCIE', '72-600', 0, 4.88, 4.58, 2.05, 1, '', 53.8973, 14.2362, 39, 16),
(819, '\"PRZEDSIĘBIORSTWO HANDLOWO-USŁUGOWE DARIUSZ BOBRYK, DOROTA BOBRYK\" SPÓŁKA JAWNA (PART. BP)', 'SKANDYNAWSKA 17', 'ŚWINOUJŚCIE', '72-602', 4.56, 5.25, 4.73, 2.31, 3, '', 53.9021, 14.2762, 92, 21),
(820, 'MOBILNA STACJA PALIW SPÓŁKA Z OGRANICZONĄ ODPOWIEDZIALNOŚCIĄ', 'ROGOZIŃSKIEGO/JACHTOWA', 'ŚWINOUJŚCIE', '72-600', 4.75, 5.25, 4.83, 2.17, 1, '', 53.9136, 14.2706, 42, 11),
(821, 'CIRCLE K POLSKA SPÓŁKA Z OGRANICZONĄ ODPOWIEDZIALNOŚCIĄ', 'NOWOKARSIBORSKA 16', 'ŚWINOUJŚCIE', '72-600', 4.56, 5.25, 4.93, 2.22, 6, '', 53.8981, 14.2351, 16, 10),
(822, 'LL-OIL SP. Z O.O.', 'NOWOKARSIBORSKA 8', 'ŚWINOUJŚCIE', '72-600', 0, 5.15, 4.63, 2.29, 1, '', 53.8973, 14.2362, 85, 19),
(823, 'PRZEDSIĘBIORSTWO HANDLOWE \"HL\" LESZEK HASIEWICZ', 'BUNKROWA 1', 'ŚWINOUJŚCIE', '72-600', 4.46, 5.25, 4.93, 2.22, 1, '', 53.9071, 14.2737, 13, 7),
(824, 'POLSKI KONCERN NAFTOWY ORLEN SPÓŁKA AKCYJNA (STACJA NR 856)', 'FIŃSKA 1', 'ŚWINOUJŚCIE', '72-600', 4.8, 4.93, 4.73, 2.15, 2, '', 53.9008, 14.2657, 72, 19),
(825, 'POLSKI KONCERN NAFTOWY ORLEN SPÓŁKA AKCYJNA (STACJA NR 144)', 'WYBRZEŻE WŁADYSŁAWA IV 10', 'ŚWINOUJŚCIE', '72-600', 4.65, 4.77, 4.68, 2.34, 2, '', 53.9076, 14.2601, 23, 6),
(826, 'SHELL POLSKA SPÓŁKA Z OGRANICZONĄ ODPOWIEDZIALNOŚCIĄ', 'NOWOKARSIBORSKA 4-8', 'ŚWINOUJŚCIE', '72-600', 4.8, 0, 4.63, 2.1, 5, '', 53.8993, 14.2341, 27, 10);

ALTER TABLE stations
  MODIFY id int NOT NULL AUTO_INCREMENT, AUTO_INCREMENT=827;

INSERT INTO `comments` (`id`, `comment`, `station_id`) VALUES
(1, 'Gospodarstwo', 588),
(2, '    Litwo! Ojczyzno moja! ty jesteś jak zdrowie:', 394),
(3, 'Ile cię trzeba cenić, ten tylko się dowie,', 29),
(4, 'Kto cię stracił. Dziś piękność twą w całej ozdobie', 203),
(5, 'Widzę i opisuję, bo tęsknię po tobie.', 443),
(6, '    Panno święta, co Jasnej bronisz Częstochowy', 32),
(7, 'I w Ostrej świecisz Bramie! Ty, co gród zamkowy', 302),
(8, 'Nowogródzki ochraniasz z jego wiernym ludem!', 579),
(9, 'Jak mnie dziecko do zdrowia powróciłaś cudem', 509),
(10, '(Gdy od płaczącej matki, pod Twoją opiekę', 276),
(11, 'Ofiarowany, martwą podniosłem powiekę;', 812),
(12, 'I zaraz mogłem pieszo, do Twych świątyń progu', 662),
(13, 'Iść za wrócone życie podziękować Bogu),', 95),
(14, 'Tak nas powrócisz cudem na Ojczyzny łono.', 402),
(15, 'Tymczasem przenoś moją duszę utęsknioną', 321),
(16, 'Do tych pagórków leśnych, do tych łąk zielonych,', 142),
(17, 'Szeroko nad błękitnym Niemnem rozciągnionych;', 490),
(18, 'Do tych pól malowanych zbożem rozmaitem,', 213),
(19, 'Wyzłacanych pszenicą, posrebrzanych żytem;', 672),
(20, 'Gdzie bursztynowy świerzop, gryka jak śnieg biała,', 240),
(21, 'Gdzie panieńskim rumieńcem dzięcielina pała,', 3),
(22, 'A wszystko przepasane jakby wstęgą, miedzą', 92),
(23, 'Zieloną, na niej z rzadka ciche grusze siedzą.', 187),
(24, '    Śród takich pól przed laty, nad brzegiem ruczaju,', 620),
(25, 'Na pagórku niewielkim, we brzozowym gaju,', 423),
(26, 'Stał dwór szlachecki, z drzewa, lecz podmurowany;', 6),
(27, 'Świeciły się z daleka pobielane ściany,', 809),
(28, 'Tym bielsze, że odbite od ciemnej zieleni', 730),
(29, 'Topoli, co go bronią od wiatrów jesieni.', 270),
(30, 'Dom mieszkalny niewielki, lecz zewsząd chędogi,', 300),
(31, 'I stodołę miał wielką, i przy niej trzy stogi', 328),
(32, 'Użątku, co pod strzechą zmieścić się nie może.', 416),
(33, 'Widać, że okolica obfita we zboże,', 108),
(34, 'I widać z liczby kopic, co wzdłuż i wszerz smugów', 351),
(35, 'Świecą gęsto jak gwiazdy, widać z liczby pługów', 3),
(36, 'Orzących wcześnie łany ogromne ugoru,', 577),
(37, 'Czarnoziemne, zapewne należne do dworu,', 45),
(38, 'Uprawne dobrze na kształt ogrodowych grządek:', 163),
(39, 'Że w tym domu dostatek mieszka i porządek.', 218),
(40, 'Brama na wciąż otwarta przechodniom ogłasza,', 721),
(41, 'Że gościnna, i wszystkich w gościnę zaprasza.', 141),
(42, '    Właśnie dwukonną bryką wjechał młody panek', 217),
(43, 'I obiegłszy dziedziniec zawrócił przed ganek.', 587),
(44, 'Wysiadł z powozu; konie porzucone same,', 6),
(45, 'Szczypiąc trawę ciągnęły powoli pod bramę.', 524),
(46, 'We dworze pusto: bo drzwi od ganku zamknięto', 710),
(47, 'Zaszczepkami i kołkiem zaszczepki przetknięto.', 508),
(48, 'Podróżny do folwarku nie biegł sług zapytać,', 723),
(49, 'Odemknął, wbiegł do domu, pragnął go powitać.', 462),
(50, 'Dawno domu nie widział, bo w dalekim mieście', 784),
(51, 'Kończył nauki, końca doczekał nareszcie.', 142),
(52, 'Wbiega i okiem chciwie ściany starodawne', 114),
(53, 'Ogląda czule, jako swe znajome dawne.', 259),
(54, 'Też same widzi sprzęty, też same obicia,', 104),
(55, 'Z którymi się zabawiać lubił od powicia,', 734),
(56, 'Lecz mniej wielkie, mniej piękne niż się dawniej zdały.', 486),
(57, 'I też same portrety na ścianach wisiały:', 10),
(58, 'Tu Kościuszko w czamarce krakowskiej, z oczyma', 637),
(59, 'Podniesionymi w niebo, miecz oburącz trzyma;', 719),
(60, 'Takim był, gdy przysięgał na stopniach ołtarzów,', 590),
(61, 'Że tym mieczem wypędzi z Polski trzech mocarzów,', 683),
(62, 'Albo sam na nim padnie. Dalej w polskiej szacie', 507),
(63, 'Siedzi Rejtan, żałośny po wolności stracie;', 400),
(64, 'W ręku trzyma nóż ostrzem zwrócony do łona,', 10),
(65, 'A przed nim leży Fedon i żywot Katona.', 766),
(66, 'Dalej Jasiński, młodzian piękny i posępny;', 391),
(67, 'Obok Korsak, towarzysz jego nieodstępny:', 226),
(68, 'Stoją na szańcach Pragi, na stosach Moskali,', 274),
(69, 'Siekąc wrogów, a Praga już się wkoło pali.', 125),
(70, 'Nawet stary stojący zegar kurantowy', 103),
(71, 'W drewnianej szafie poznał, u wniścia alkowy;', 613),
(72, 'I z dziecinną radością pociągnął za sznurek,', 213),
(73, 'By stary Dąbrowskiego usłyszeć mazurek.', 315),
(74, '    Biegał po całym domu i szukał komnaty,', 258),
(75, 'Gdzie mieszkał dzieckiem będąc, przed dziesięciu laty.', 731),
(76, 'Wchodzi, cofnął się, toczył zdumione źrenice', 536),
(77, 'Po ścianach: w tej komnacie mieszkanie kobiéce!', 253),
(78, 'Któż by tu mieszkał? Stary stryj nie był żonaty;', 41),
(79, 'A ciotka w Petersburgu mieszkała przed laty.', 778),
(80, 'To nie był ochmistrzyni pokój? Fortepiano?', 737),
(81, 'Na nim nuty i książki; wszystko porzucano', 153),
(82, 'Niedbale i bezładnie: nieporządek miły!', 217),
(83, 'Niestare były rączki, co je tak rzuciły.', 348),
(84, 'Tuż i sukienka biała, świeżo z kołka zdjęta', 660),
(85, 'Do ubrania, na krzesła poręczu rozpięta;', 606),
(86, 'A na oknach donice z pachnącymi ziołki,', 252),
(87, 'Geranium, lewkonija, astry i fijołki.', 454),
(88, 'Podróżny stanął w jednym z okien — nowe dziwo:', 372),
(89, 'W sadzie, na brzegu niegdyś zarosłym pokrzywą,', 801),
(90, 'Był maleńki ogródek ścieżkami porznięty,', 367),
(91, 'Pełen bukietów trawy angielskiej i mięty.', 18),
(92, 'Drewniany, drobny, w cyfrę powiązany płotek', 267),
(93, 'Połyskał się wstążkami jaskrawych stokrotek;', 249),
(94, 'Grządki, widać, że były świeżo polewane,', 201),
(95, 'Tuż stało wody pełne naczynie blaszane,', 515),
(96, 'Ale nigdzie nie widać było ogrodniczki;', 510),
(97, 'Tylko co wyszła: jeszcze kołyszą się drzwiczki', 628),
(98, 'Świeżo trącone, blisko drzwi ślad widać nóżki', 116),
(99, 'Na piasku, bez trzewika była i pończoszki;', 816),
(100, 'Na piasku drobnym, suchym, białym na kształt śniegu,', 588),
(101, 'Ślad wyraźny, lecz lekki, odgadniesz, że w biegu', 50),
(102, 'Chybkim był zostawiony nóżkami drobnemi', 680),
(103, 'Od kogoś, co zaledwie dotykał się ziemi.', 514),
(104, '    Podróżny długo w oknie stał patrząc, dumając,', 780),
(105, 'Wonnymi powiewami kwiatów oddychając.', 123),
(106, 'Oblicze aż na krzaki fijołkowe skłonił,', 385),
(107, 'Oczyma ciekawymi po drożynach gonił', 430),
(108, 'I znowu je na drobnych śladach zatrzymywał,', 815),
(109, 'Myślał o nich i, czyje były, odgadywał.', 260),
(110, 'Przypadkiem oczy podniósł, i tuż na parkanie', 715),
(111, 'Stała młoda dziewczyna… Białe jej ubranie', 459),
(112, 'Wysmukłą postać tylko aż do piersi kryje,', 530),
(113, 'Odsłaniając ramiona i łabędzią szyję.', 645),
(114, 'W takim Litwinka tylko chodzić zwykła z rana,', 147),
(115, 'W takim nigdy nie bywa od mężczyzn widziana:', 630),
(116, 'Więc choć świadka nie miała, założyła ręce', 418),
(117, 'Na piersiach, przydawając zasłony sukience.', 502),
(118, 'Włos w pukle nierozwity, lecz w węzełki małe', 189),
(119, 'Pokręcony, schowany w drobne strączki białe,', 418),
(120, 'Dziwnie ozdabiał głowę: bo od słońca blasku', 599),
(121, 'Świecił się jak korona na świętych obrazku.', 717),
(122, 'Twarzy nie było widać; zwrócona na pole', 638),
(123, 'Szukała kogoś okiem, daleko, na dole;', 725),
(124, 'Ujrzała, zaśmiała się i klasnęła w dłonie,', 405),
(125, 'Jak biały ptak zleciała z parkanu na błonie,', 145),
(126, 'I wionęła ogrodem, przez płotki, przez kwiaty,', 500),
(127, 'I po desce opartej o ścianę komnaty…', 268),
(128, 'Nim spostrzegł się, wleciała przez okno, świecąca,', 659),
(129, 'Nagła, cicha i lekka, jak światłość miesiąca.', 403),
(130, 'Nucąc chwyciła suknie, biegła do zwierciadła:', 12),
(131, 'Wtem ujrzała młodzieńca i z rąk jej wypadła', 669),
(132, 'Suknia, a twarz od strachu i dziwu pobladła.', 39),
(133, 'Twarz podróżnego barwą spłonęła rumianą,', 273),
(134, 'Jak obłok, gdy z jutrzenką napotka się raną.', 584),
(135, 'Skromny młodzieniec oczy zmrużył i przysłonił,', 225),
(136, 'Chciał coś mówić, przepraszać; tylko się ukłonił', 632),
(137, 'I cofnął się. Dziewica krzyknęła boleśnie,', 443),
(138, 'Niewyraźnie, jak dziecko przestraszone we śnie;', 429),
(139, 'Podróżny zląkł się, spojrzał; lecz już jej nie było.', 72),
(140, 'Wyszedł zmieszany i czuł, że mu serce biło', 213),
(141, 'Głośno, i sam nie wiedział, czy go miało śmieszyć', 779),
(142, 'To dziwaczne spotkanie, czy wstydzić, czy cieszyć.', 284),
(143, '    Tymczasem na folwarku nie uszło baczności,', 225),
(144, 'Że przed ganek zajechał któryś z nowych gości.', 826),
(145, 'Już konie w stajnią wzięto, już im hojnie dano,', 594),
(146, 'Jako w porządnym domu, i obrok, i siano:', 612),
(147, 'Bo Sędzia nigdy nie chciał, według nowej mody,', 715),
(148, 'Odsyłać koni gości Żydom do gospody.', 351),
(149, 'Słudzy nie wyszli witać; ale nie myśl wcale,', 369),
(150, 'Aby w domu Sędziego służono niedbale:', 1),
(151, 'Słudzy czekają, nim się pan Wojski ubierze,', 322),
(152, 'Który teraz za domem urządzał wieczerzę.', 692),
(153, 'On pana zastępuje i on, w niebytności', 626),
(154, 'Pana, zwykł sam przyjmować i zabawiać gości', 257),
(155, '(Daleki krewny pański i przyjaciel domu).', 650),
(156, 'Widząc gościa, na folwark dążył po kryjomu,', 634),
(157, 'Bo nie mógł wyjść spotykać w tkackim pudermanie;', 576),
(158, 'Wdział więc jak mógł najprędzej niedzielne ubranie', 611),
(159, 'Nagotowane z rana, bo od rana wiedział,', 398),
(160, 'Że u wieczerzy będzie z mnóstwem gości siedział.', 312),
(161, '    Pan Wojski poznał z dala, ręce rozkrzyżował', 674),
(162, 'I z krzykiem podróżnego ściskał i całował.', 559),
(163, 'Zaczęła się ta prędka, zmieszana rozmowa,', 740),
(164, 'W której lat kilku dzieje chciano zamknąć w słowa', 392),
(165, 'Krótkie i poplątane, w ciąg powieści, pytań,', 597),
(166, 'Wykrzykników i westchnień, i nowych powitań.', 499),
(167, 'Gdy się pan Wojski dosyć napytał, nabadał,', 481),
(168, 'Na samym końcu dzieje tego dnia powiadał.', 67),
(169, '    «Dobrze mój Tadeuszu, (bo tak nazywano', 723),
(170, 'Młodzieńca, który nosił Kościuszkowskie miano', 95),
(171, 'Na pamiątkę, że w czasie wojny się urodził)', 428),
(172, 'Dobrze mój Tadeuszu, żeś się dziś nagodził', 372),
(173, 'Do domu, właśnie kiedy mamy panien wiele.', 190),
(174, 'Stryjaszek myśli wkrótce sprawić ci wesele;', 484),
(175, 'Jest z czego wybrać; u nas towarzystwo liczne', 601),
(176, 'Od dni kilku zbiera się na sądy graniczne,', 573),
(177, 'Dla skończenia dawnego z panem Hrabią sporu.', 822),
(178, 'I pan Hrabia ma jutro sam zjechać do dworu;', 413),
(179, 'Podkomorzy już zjechał z żoną i z córkami.', 379),
(180, 'Młodzież poszła do lasu bawić się strzelbami,', 357),
(181, 'A starzy i kobiety żniwo oglądają', 636),
(182, 'Pod lasem i tam pewnie na młodzież czekają.', 187),
(183, 'Pójdziemy, jeśli zechcesz, i wkrótce spotkamy', 204),
(184, 'Stryjaszka, Podkomorstwo i szanowne damy».', 20),
(185, '    Pan Wojski z Tadeuszem idą pod las drogą,', 651),
(186, 'I jeszcze się do woli nagadać nie mogą.', 654),
(187, 'Słońce ostatnich kresów nieba dochodziło,', 169),
(188, 'Mniej silnie, ale szerzej niż we dnie świeciło,', 95),
(189, 'Całe zaczerwienione, jak zdrowe oblicze', 275),
(190, 'Gospodarza, gdy prace skończywszy rolnicze', 683),
(191, 'Na spoczynek powraca. Już krąg promienisty', 241),
(192, 'Spuszcza się na wierzch boru i już pomrok mglisty,', 277),
(193, 'Napełniając wierzchołki i gałęzie drzewa,', 44),
(194, 'Cały las wiąże w jedno i jakoby zlewa;', 84),
(195, 'I bór czernił się na kształt ogromnego gmachu,', 669),
(196, 'Słońce nad nim czerwone jak pożar na dachu.', 595),
(197, 'Wtem zapadło do głębi; jeszcze przez konary', 672),
(198, 'Błysnęło, jako świeca przez okiennic szpary,', 134),
(199, 'I zgasło. I wnet sierpy gromadnie dzwoniące', 433),
(200, 'We zbożach, i grabliska suwane po łące,', 322),
(201, 'Ucichły i stanęły: tak pan Sędzia każe,', 555),
(202, 'U niego ze dniem kończą pracę gospodarze.', 672),
(203, '«Pan świata wie, jak długo pracować potrzeba;', 548),
(204, 'Słońce, Jego robotnik, kiedy znijdzie z nieba,', 278),
(205, 'Czas i ziemianinowi ustępować z pola».', 346),
(206, 'Tak zwykł mawiać pan Sędzia, a Sędziego wola', 759),
(207, 'Była Ekonomowi poczciwemu świętą;', 763),
(208, 'Bo nawet wozy, w które już składać zaczęto', 806),
(209, 'Kopę żyta, niepełne jadą do stodoły:', 364),
(210, 'Cieszą się z niezwyczajnej ich lekkości woły.', 177),
(211, '    Właśnie z lasu wracało towarzystwo całe,', 527),
(212, 'Wesołe, lecz w porządku. Naprzód dzieci małe', 308),
(213, 'Z dozorcą, potem Sędzia szedł z Podkomorzyną,', 316),
(214, 'Obok pan Podkomorzy otoczon rodziną;', 63),
(215, 'Panny tuż za starszymi, a młodzież na boku;', 562),
(216, 'Panny szły przed młodzieżą o jakie pół kroku', 532),
(217, '(Tak każe przyzwoitość). Nikt tam nie rozprawiał', 819),
(218, 'O porządku, nikt mężczyzn i dam nie ustawiał:', 510),
(219, 'A każdy mimowolnie porządku pilnował;', 552),
(220, 'Bo Sędzia w domu dawne obyczaje chował,', 652),
(221, 'I nigdy nie dozwalał, by chybiano względu', 241),
(222, 'Dla wieku, urodzenia, rozumu, urzędu.', 163),
(223, 'Tym ładem, mawiał, domy i narody słyną,', 545),
(224, 'Z jego upadkiem domy i narody giną.', 808),
(225, 'Więc do porządku wykli domowi i słudzy;', 314),
(226, 'I przyjezdny gość, krewny albo człowiek cudzy,', 750),
(227, 'Gdy Sędziego nawiedził, skoro pobył mało,', 811),
(228, 'Przyjmował zwyczaj, którym wszystko oddychało.', 268),
(229, '    Krótkie były Sędziego z synowcem witania:', 116),
(230, 'Dał mu poważnie rękę do pocałowania,', 674),
(231, 'I w skroń ucałowawszy uprzejmie pozdrowił;', 362),
(232, 'A choć przez wzgląd na gości niewiele z nim mówił,', 623),
(233, 'Widać było z łez, które wylotem kontusza', 297),
(234, 'Otarł prędko, jak kochał pana Tadeusza.', 219),
(235, '    W ślad gospodarza wszystko ze żniwa i z boru,', 696),
(236, 'I z łąk, i z pastwisk razem wracało do dworu.', 598),
(237, 'Tu owiec trzoda becząc w ulice się tłoczy', 683),
(238, 'I wznosi chmurę pyłu; dalej z wolna kroczy', 643),
(239, 'Stado cielic tyrolskich z mosiężnymi dzwonki;', 367),
(240, 'Tam konie rżące lecą ze skoszonej łąki:', 583),
(241, 'Wszystko bieży ku studni, której ramię z drzewa', 129),
(242, 'Raz wraz skrzypi i napój w koryta rozlewa.', 482),
(243, '    Sędzia, choć utrudzony, chociaż w gronie gości,', 268),
(244, 'Nie chybił gospodarskiej, ważnej powinności:', 566),
(245, 'Udał się sam ku studni. Najlepiej z wieczora', 100),
(246, 'Gospodarz widzi, w jakim stanie jest obora.', 19),
(247, 'Dozoru tego nigdy sługom nie poruczy;', 310),
(248, 'Bo Sędzia wie, że oko pańskie konia tuczy.', 764),
(249, '    Wojski z Woźnym Protazym ze świecami w sieni', 218),
(250, 'Stali i rozprawiali, nieco poróżnieni:', 165),
(251, 'Bo w niebytność Wojskiego Woźny po kryjomu', 108),
(252, 'Kazał stoły z wieczerzą powynosić z domu,', 204),
(253, 'I ustawić co prędzej w pośrodku zamczyska,', 82),
(254, 'Którego widne były pod lasem zwaliska.', 664),
(255, 'Po cóż te przenosiny? Pan Wojski się krzywił', 338),
(256, 'I przepraszał Sędziego; Sędzia się zadziwił,', 741),
(257, 'Lecz stało się: już późno i trudno zaradzić,', 177),
(258, 'Wolał gości przeprosić i w pustki prowadzić.', 199),
(259, 'Po drodze Woźny ciągle Sędziemu tłumaczył,', 165),
(260, 'Dlaczego urządzenie pańskie przeinaczył:', 525),
(261, 'We dworze żadna izba nie ma obszerności', 133),
(262, 'Dostatecznej dla tylu, tak szanownych gości,', 291),
(263, 'W zamku sień wielka, jeszcze dobrze zachowana,', 71),
(264, 'Sklepienie całe — wprawdzie pękła jedna ściana,', 810),
(265, 'Okna bez szyb, lecz latem nic to nie zawadzi;', 653),
(266, 'Bliskość piwnic wygodna służącej czeladzi.', 438),
(267, 'Tak mówiąc na Sędziego mrugał; widać z miny,', 52),
(268, 'Że miał i taił inne, ważniejsze przyczyny.', 265),
(269, '    O dwa tysiące kroków zamek stał za domem,', 339),
(270, 'Okazały budową, poważny ogromem,', 608),
(271, 'Dziedzictwo starożytnej rodziny Horeszków;', 620),
(272, 'Dziedzic zginął był w czasie krajowych zamieszków.', 808),
(273, 'Dobra całe zniszczone sekwestrami rządu,', 97),
(274, 'Bezładnością opieki, wyrokami sądu,', 755),
(275, 'W cząstce spadły dalekim krewnym po kądzieli,', 142),
(276, 'A resztę rozdzielono między wierzycieli.', 473),
(277, 'Zamku żaden wziąć nie chciał, bo w szlacheckim stanie', 207),
(278, 'Trudno było wyłożyć koszt na utrzymanie;', 325),
(279, 'Lecz Hrabia, sąsiad bliski, gdy wyszedł z opieki,', 548),
(280, 'Panicz bogaty, krewny Horeszków daleki,', 766),
(281, 'Przyjechawszy z wojażu upodobał mury,', 83),
(282, 'Tłumacząc, że gotyckiej są architektury;', 301),
(283, 'Choć Sędzia z dokumentów przekonywał o tem,', 348),
(284, 'Że architekt był majstrem z Wilna, nie zaś Gotem.', 307),
(285, 'Dość, że Hrabia chciał zamku. Właśnie i Sędziemu', 202),
(286, 'Przyszła nagle taż chętka, nie wiadomo czemu.', 11),
(287, 'Zaczęli proces w ziemstwie, potem w głównym sądzie,', 656),
(288, 'W senacie, znowu w ziemstwie i guberskim rządzie;', 175),
(289, 'Wreszcie, po wielu kosztach i ukazach licznych,', 19),
(290, 'Sprawa wróciła znowu do sądów granicznych.', 651),
(291, '    Słusznie Woźny powiadał, że w zamkowej sieni', 385),
(292, 'Zmieści się i palestra, i goście proszeni.', 814),
(293, 'Sień wielka jak refektarz, z wypukłym sklepieniem', 115),
(294, 'Na filarach, podłoga wysłana kamieniem,', 88),
(295, 'Ściany bez żadnych ozdób, ale mur chędogi;', 197),
(296, 'Sterczały wkoło sarnie i jelenie rogi', 413),
(297, 'Z napisami, gdzie, kiedy te łupy zdobyte;', 757),
(298, 'Tuż myśliwców herbowne klejnoty wyryte,', 541),
(299, 'I stoi wypisany każdy po imieniu;', 428),
(300, 'Herb Horeszków, Półkozic, jaśniał na sklepieniu.', 11),
(301, '    Goście weszli w porządku i stanęli kołem.', 331),
(302, 'Podkomorzy najwyższe brał miejsce za stołem;', 192),
(303, 'Z wieku mu i z urzędu ten zaszczyt należy,', 415),
(304, 'Idąc kłaniał się damom, starcom i młodzieży.', 234),
(305, 'Przy nim stał kwestarz, Sędzia tuż przy bernardynie.', 64),
(306, 'Bernardyn zmówił krótki pacierz po łacinie;', 205),
(307, 'Mężczyznom dano wódkę; wtenczas wszyscy siedli,', 80),
(308, 'I chołodziec litewski milcząc żwawo jedli.', 668),
(309, '    Pan Tadeusz, choć młodzik, ale prawem gościa', 493),
(310, 'Wysoko siadł przy damach obok jegomościa;', 593),
(311, 'Między nim i stryjaszkiem jedno pozostało', 819),
(312, 'Puste miejsce, jak gdyby na kogoś czekało.', 371),
(313, 'Stryj nieraz na to miejsce i na drzwi poglądał,', 194),
(314, 'Jakby czyjegoś przyjścia był pewny i żądał.', 419),
(315, 'I Tadeusz wzrok stryja ku drzwiom odprowadzał,', 481),
(316, 'I z nim na miejscu pustym oczy swe osadzał.', 610),
(317, 'Dziwna rzecz! miejsca wkoło są siedzeniem dziewic,', 246),
(318, 'Na które mógłby spojrzeć bez wstydu królewic,', 137),
(319, 'Wszystkie zacnie zrodzone, każda młoda, ładna:', 225),
(320, 'Tadeusz tam pogląda, gdzie nie siedzi żadna.', 317),
(321, 'To miejsce jest zagadką; młodź lubi zagadki;', 387),
(322, 'Roztargniony, do swojej nadobnej sąsiadki', 116),
(323, 'Ledwo słów kilka wyrzekł, do Podkomorzanki;', 730),
(324, 'Nie zmienia jej talerzów, nie nalewa szklanki,', 483),
(325, 'I panien nie zabawia przez rozmowy grzeczne,', 483),
(326, 'Z których by wychowanie poznano stołeczne;', 630),
(327, 'To jedno puste miejsce nęci go i mami,', 129),
(328, 'Już nie puste, bo on je napełnił myślami.', 425),
(329, 'Po tym miejscu biegało domysłów tysiące,', 157),
(330, 'Jako po deszczu żabki na samotnej łące;', 708),
(331, 'Śród nich jedna króluje postać, jak w pogodę', 573),
(332, 'Lilia jezior skroń białą wznosząca nad wodę.', 59),
(333, '    Dano trzecią potrawę. Wtem pan Podkomorzy,', 228),
(334, 'Wlawszy kropelkę wina w szklankę panny Róży,', 18),
(335, 'A młodszej przysunąwszy z talerzem ogórki,', 295),
(336, 'Rzekł: «Muszę ja wam służyć, moje panny córki,', 345),
(337, 'Choć stary i niezgrabny». Zatem się rzuciło', 681),
(338, 'Kilku młodych od stołu i pannom służyło.', 724),
(339, 'Sędzia, z boku rzuciwszy wzrok na Tadeusza', 106),
(340, 'I poprawiwszy nieco wylotów kontusza,', 207),
(341, 'Nalał węgrzyna i rzekł: «Dziś, nowym zwyczajem,', 321),
(342, 'My na naukę młodzież do stolicy dajem;', 358),
(343, 'I nie przeczym, że nasi synowie i wnuki', 225),
(344, 'Mają od starych więcej książkowej nauki;', 783),
(345, 'Ale co dzień postrzegam, jak młodź cierpi na tem,', 236),
(346, 'Że nie ma szkół uczących żyć z ludźmi i światem.', 740),
(347, 'Dawniej na dwory pańskie jachał szlachcic młody;', 47),
(348, 'Ja sam lat dziesięć byłem dworskim Wojewody,', 7),
(349, 'Ojca Podkomorzego, mościwego pana', 117),
(350, '(Mówiąc, Podkomorzemu ścisnął za kolana);', 177),
(351, 'On mnie radą do usług publicznych sposobił,', 81),
(352, 'Z opieki nie wypuścił, aż człowiekiem zrobił.', 85),
(353, 'W mym domu wiecznie będzie jego pamięć droga,', 552),
(354, 'Co dzień za duszę jego proszę Pana Boga.', 166),
(355, 'Jeślim tyle na jego nie korzystał dworze', 240),
(356, 'Jak drudzy, i wróciwszy w domu ziemię orzę,', 407),
(357, 'Gdy inni, więcej godni Wojewody względów,', 137),
(358, 'Doszli potem najwyższych krajowych urzędów,', 494),
(359, 'Przynajmniej tom skorzystał, że mi w moim domu', 63),
(360, 'Nikt nigdy nie zarzuci, bym uchybił komu', 31),
(361, 'W uczciwości, w grzeczności; a powiem to śmiało,', 178),
(362, 'Grzeczność nie jest nauką łatwą ani małą.', 610),
(363, 'Niełatwą, bo nie na tym kończy się, jak nogą', 559),
(364, 'Zręcznie wierzgnąć, z uśmiechem witać lada kogo;', 28),
(365, 'Bo taka grzeczność modna, zda mi się kupiecka,', 108),
(366, 'Ale nie staropolska, ani też szlachecka.', 231),
(367, 'Grzeczność wszystkim należy, lecz każdemu inna;', 783),
(368, 'Bo nie jest bez grzeczności i miłość dziecinna,', 292),
(369, 'I wzgląd męża dla żony przy ludziach, i pana', 443),
(370, 'Dla sług swoich, a w każdej jest pewna odmiana.', 767),
(371, 'Trzeba się długo uczyć, ażeby nie zbłądzić', 700),
(372, 'I każdemu powinną uczciwość wyrządzić.', 802),
(373, 'I starzy się uczyli; u panów rozmowa,', 48),
(374, 'Była to historyja żyjąca krajowa,', 320),
(375, 'A między szlachtą dzieje domowe powiatu.', 313),
(376, 'Dawano przez to poznać szlachcicowi bratu,', 110),
(377, 'Że wszyscy o nim wiedzą, lekce go nie ważą;', 46),
(378, 'Więc szlachcic obyczaje swe trzymał pod strażą.', 747),
(379, 'Dziś człowieka nie pytaj: co zacz? kto go rodzi?', 251),
(380, 'Z kim on żył? co porabiał? Każdy gdzie chce wchodzi,', 290),
(381, 'Byle nie szpieg rządowy i byle nie w nędzy.', 273),
(382, 'Jak ów Wespazyjanus nie wąchał pieniędzy', 626),
(383, 'I nie chciał wiedzieć, skąd są, z jakich rąk i krajów,', 588),
(384, 'Tak nie chcą znać człowieka rodu, obyczajów!', 490),
(385, 'Dość, że ważny i że się stempel na nim widzi,', 11),
(386, 'Więc szanują przyjaciół jak pieniądze Żydzi».', 522),
(387, '    To mówiąc, Sędzia gości obejrzał porządkiem;', 449),
(388, 'Bo choć zawsze i płynnie mówił, i z rozsądkiem,', 822),
(389, 'Wiedział, że niecierpliwa młodzież teraźniejsza,', 756),
(390, 'Że ją nudzi rzecz długa, choć najwymowniejsza.', 87),
(391, 'Ale wszyscy słuchali w milczeniu głębokiem.', 788),
(392, 'Sędzia Podkomorzego zdał się radzić okiem;', 110),
(393, 'Podkomorzy pochwałą rzeczy nie przerywał,', 578),
(394, 'Ale częstym skinieniem głowy potakiwał.', 769),
(395, 'Sędzia milczał, on jeszcze skinieniem przyzwalał;', 748),
(396, 'Więc Sędzia jego puchar i swój kielich nalał,', 478),
(397, 'I dalej mówił: «Grzeczność nie jest rzeczą małą:', 741),
(398, 'Kiedy się człowiek uczy ważyć, jak przystało,', 737),
(399, 'Drugich wiek, urodzenie, cnoty, obyczaje,', 127),
(400, 'Wtenczas i swoją ważność zarazem poznaje:', 752),
(401, 'Jak na szalach, żebyśmy nasz ciężar poznali,', 94),
(402, 'Musim kogoś posadzić na przeciwnej szali.', 167),
(403, 'Zaś godna jest waszmościów uwagi osobnej', 399),
(404, 'Grzeczność, którą powinna młodź dla płci nadobnej;', 744),
(405, 'Zwłaszcza gdy zacność domu, fortuny szczodroty', 395),
(406, 'Objaśniają wrodzone wdzięki i przymioty.', 18),
(407, 'Stąd droga do afektów i stąd się kojarzy', 820),
(408, 'Wspaniały domów sojusz. Tak myślili starzy.', 502),
(409, 'A zatem…» Tu Pan Sędzia nagłym zwrotem głowy', 68),
(410, 'Skinął na Tadeusza, rzucił wzrok surowy:', 579),
(411, 'Znać było, że przychodził już do wniosków mowy.', 617),
(412, '    Wtem brząknął w tabakierę złotą Podkomorzy,', 87),
(413, 'I rzekł: «Mój Sędzio, dawniej było jeszcze gorzéj!', 618),
(414, 'Teraz, nie wiem, czy moda i nas starych zmienia,', 213),
(415, 'Czy młodzież lepsza, ale widzę mniej zgorszenia.', 163),
(416, 'Ach, ja pamiętam czasy, kiedy do ojczyzny,', 716),
(417, 'Pierwszy raz zawitała moda francuszczyzny!', 813),
(418, 'Gdy raptem paniczyki młode z cudzych krajów', 157),
(419, 'Wtargnęli do nas hordą gorszą od Nogajów,', 416),
(420, 'Prześladując w ojczyźnie Boga, przodków wiarę,', 624),
(421, 'Prawa i obyczaje, nawet suknie stare.', 219),
(422, 'Żałośnie było widzieć wyżółkłych młokosów,', 290),
(423, 'Gadających przez nosy, a często bez nosów,', 179),
(424, 'Opatrzonych w broszurki i w różne gazety,', 35),
(425, 'Głoszących nowe wiary, prawa, toalety.', 98),
(426, 'Miała nad umysłami wielką moc ta tłuszcza;', 240),
(427, 'Bo Pan Bóg, kiedy karę na naród przypuszcza,', 122),
(428, 'Odbiera naprzód rozum od obywateli.', 736),
(429, 'I tak, mędrsi fircykom oprzeć się nie śmieli,', 697),
(430, 'I zląkł ich się jak dżumy jakiej cały naród,', 603),
(431, 'Bo już sam wewnątrz siebie czuł choroby zaród.', 624),
(432, 'Krzyczano na modnisiów, a brano z nich wzory;', 545),
(433, 'Zmieniano wiarę, mowę, prawa i ubiory.', 596),
(434, 'Była to maszkarada, zapustna swawola,', 602),
(435, 'Po której miał przyjść wkrótce wielki post — niewola!', 797),
(436, '    Pamiętam, chociaż byłem wtenczas małe dziecię,', 101),
(437, 'Kiedy do ojca mego, w Oszmiańskim powiecie,', 565),
(438, 'Przyjechał pan Podczaszyc na francuskim wózku,', 99),
(439, 'Pierwszy człowiek, co w Litwie chodził po francusku.', 637),
(440, 'Biegali wszyscy za nim, jakby za rarogiem,', 650),
(441, 'Zazdroszczono domowi, przed którego progiem', 517),
(442, 'Stanęła Podczaszyca dwukolna dryndulka,', 306),
(443, 'Która się po francusku zwała karyjulka:', 769),
(444, 'Zamiast lokajów, w kielni siedziały dwa pieski,', 219),
(445, 'A na kozłach Niemczysko chude na kształt deski;', 246),
(446, 'Nogi miał długie, cienkie jak od chmielu tyki,', 712),
(447, 'W pończochach, ze srebrnymi klamrami trzewiki,', 68),
(448, 'Peruka z harbajtelem zawiązanym w miechu.', 568),
(449, 'Starzy na on ekwipaż parskali ze śmiechu,', 617),
(450, 'A chłopi żegnali się, mówiąc: że po świecie', 99),
(451, 'Jeździ wenecki diabeł w niemieckiej karecie.', 641),
(452, 'Sam Podczaszyc jaki był, opisywać długo;', 698),
(453, 'Dosyć, że się nam zdawał małpą lub papugą', 479),
(454, 'W wielkiej peruce, którą do złotego runa', 570),
(455, 'On lubił porównywać, a my do kołtuna.', 279),
(456, 'Jeśli kto i czuł wtenczas, że polskie ubranie', 48),
(457, 'Piękniejsze jest niż obcej mody małpowanie,', 577),
(458, 'Milczał; bo by krzyczała młodzież, że przeszkadza', 98),
(459, 'Kulturze, że tamuje progresy, że zdradza!', 88),
(460, 'Taka była przesądów owoczesnych władza!', 414),
(461, '    Podczaszyc zapowiedział, że nas reformować,', 324),
(462, 'Cywilizować będzie i konstytuować;', 94),
(463, 'Ogłosił nam, że jacyś Francuzi wymówni', 487),
(464, 'Zrobili wynalazek: iż ludzie są równi…', 509),
(465, 'Choć o tym dawno w Pańskim pisano Zakonie,', 806),
(466, 'I każdy ksiądz toż samo gada na ambonie.', 342),
(467, 'Nauka dawną była, szło o jej pełnienie!', 487),
(468, 'Lecz wtenczas panowało takie oślepienie,', 401),
(469, 'Że nie wierzono rzeczom najdawniejszym w świecie,', 528),
(470, 'Jeśli ich nie czytano w francuskiej gazecie.', 344),
(471, 'Podczaszyc, mimo równość, wziął tytuł markiża;', 676),
(472, 'Wiadomo, że tytuły przychodzą z Paryża,', 102),
(473, 'A natenczas tam w modzie był tytuł markiża.', 675),
(474, 'Jakoż, kiedy się moda odmieniła z laty,', 131),
(475, 'Tenże sam markiż przybrał tytuł demokraty;', 749),
(476, 'Wreszcie z odmienną modą, pod Napoleonem,', 608),
(477, 'Demokrata przyjechał z Paryża baronem;', 270),
(478, 'Gdyby żył dłużej, może nową alternatą,', 440),
(479, 'Z barona przechrzciłby się kiedyś demokratą.', 628),
(480, 'Bo Paryż częstą mody odmianą się chlubi;', 123),
(481, 'A co Francuz wymyśli, to Polak polubi.', 379),
(482, '    Chwała Bogu, że teraz, jeśli nasza młodzież', 493),
(483, 'Wyjeżdża za granicę, to już nie po odzież,', 433),
(484, 'Nie szukać prawodawstwa w drukarskich kramarniach', 344),
(485, 'Lub wymowy uczyć się w paryskich kawiarniach.', 560),
(486, 'Bo teraz Napoleon, człek mądry a prędki,', 263),
(487, 'Nie daje czasu szukać mody i gawędki.', 599),
(488, 'Teraz grzmi oręż, a nam starym serca rosną,', 12),
(489, 'Że znowu o Polakach tak na świecie głośno;', 502),
(490, 'Jest sława, a więc będzie i Rzeczpospolita!', 529),
(491, 'Zawżdy z wawrzynów drzewo wolności wykwita.', 400),
(492, 'Tylko smutno, że nam, ach, tak się lata wleką', 453),
(493, 'W nieczynności! a oni tak zawsze daleko!', 539),
(494, 'Tak długo czekać! nawet tak rzadka nowina —', 726),
(495, 'Ojcze Robaku (ciszej rzekł do bernardyna),', 93),
(496, 'Słyszałem, żeś zza Niemna odebrał wiadomość;', 236),
(497, 'Może też co o naszym wojsku wie Jegomość?»', 797),
(498, '— «Nic a nic» odpowiedział Robak obojętnie,', 532),
(499, '(Widać było, że słuchał rozmowy niechętnie)', 552),
(500, '«Mnie polityka nudzi; jeżeli z Warszawy', 101),
(501, 'Mam list, to rzecz zakonna, to są nasze sprawy', 733),
(502, 'Bernardyńskie: cóż o tym gadać u wieczerzy;', 742),
(503, 'Są tu świeccy, do których nic to nie należy».', 441),
(504, '    Tak mówiąc, spojrzał zyzem, gdzie śród biesiadników', 615),
(505, 'Siedział gość, Moskal; był to pan kapitan Ryków,', 290),
(506, 'Stary żołnierz, stał w bliskiej wiosce na kwaterze,', 168),
(507, 'Pan Sędzia go przez grzeczność prosił na wieczerzę.', 272),
(508, 'Ryków jadł smaczno, mało wdawał się w rozmowę,', 442),
(509, 'Lecz na wzmiankę Warszawy, rzekł podniósłszy głowę:', 424),
(510, '«Pan Podkomorzy! Oj wy! Pan zawsze ciekawy', 424),
(511, 'O Bonaparta, zawsze wam tam do Warszawy!', 111),
(512, 'He! Ojczyzna! Ja nie szpieg, a po polsku umiem, —', 569),
(513, 'Ojczyzna! ja to czuję wszystko, ja rozumiem!', 231),
(514, 'Wy Polaki, ja Ruski: teraz się nie bijem,', 401),
(515, 'Jest armistycjum, to my razem jemy, pijem.', 439),
(516, 'Często na awanpostach nasz z Francuzem gada,', 366),
(517, 'Pije wódkę; jak krzykną ura! — kanonada.', 571),
(518, 'Ruskie przysłowie: z kim się biję, tego lubię;', 225),
(519, 'Gładź drużkę jak po duszy, a bij jak po szubie.', 748),
(520, 'Ja mówię, będzie wojna u nas. Do Majora', 795),
(521, 'Płuta, adiutant sztabu przyjechał zawczora:', 184),
(522, 'Gotować się do marszu! Pójdziem, czy pod Turka,', 600),
(523, 'Czy na Francuza; oj ten Bonapart figurka!', 530),
(524, 'Bez Suwarowa to on może nas wytuza.', 55),
(525, 'U nas w pułku gadano, jak szli na Francuza,', 441),
(526, 'Że Bonapart czarował: no, tak i Suwarów', 586),
(527, 'Czarował; tak były czary przeciw czarów.', 164),
(528, 'Raz w bitwie, gdzie podział się? szukać Bonaparta,—', 175),
(529, 'A on zmienił się w lisa, tak Suwarów w charta;', 383),
(530, 'Tak Bonaparte znowu w kota się przerzuca,', 558),
(531, 'Dalej drzeć pazurami, a Suwarów w kuca.', 11),
(532, 'Obaczcież, co się stało w końcu z Bonapartą…»', 806),
(533, 'Tu Ryków przerwał i jadł; wtem, z potrawą czwartą', 700),
(534, 'Wszedł służący i raptem boczne drzwi otwarto.', 369),
(535, '    Weszła nowa osoba przystojna i młoda.', 36),
(536, 'Jej zjawienie się nagłe, jej wzrost i uroda,', 772),
(537, 'Jej ubiór zwrócił oczy; wszyscy ją witali,', 388),
(538, 'Prócz Tadeusza widać, że ją wszyscy znali.', 605),
(539, 'Kibić miała wysmukłą, kształtną, pierś powabną,', 157),
(540, 'Suknię materyjalną, różową, jedwabną,', 673),
(541, 'Gors wycięty, kołnierzyk z koronek, rękawki', 522),
(542, 'Krótkie; w ręku kręciła wachlarz dla zabawki', 481),
(543, '(Bo nie było gorąco); wachlarz pozłocisty', 589),
(544, 'Powiewając rozlewał deszcz iskier rzęsisty;', 194),
(545, 'Głowa do włosów, włosy pozwijane w kręgi,', 790),
(546, 'W pukle, i przeplatane różowymi wstęgi,', 362),
(547, 'Pośród nich brylant, niby zakryty od oczu,', 818),
(548, 'Świecił się jako gwiazda w komety warkoczu:', 6),
(549, 'Słowem, ubiór galowy; szeptali niejedni,', 103),
(550, 'Że zbyt wykwintny na wieś i na dzień powszedni.', 106),
(551, 'Nóżek, choć suknia krótka, oko nie zobaczy,', 540),
(552, 'Bo biegła bardzo szybko, suwała się raczéj', 451),
(553, 'Jako osóbki, które na trzykrólskie święta', 645),
(554, 'Przesuwają w jasełkach ukryte chłopięta.', 128),
(555, 'Biegła i wszystkich lekkim witając ukłonem,', 35),
(556, 'Chciała usieść na miejscu sobie zostawionem:', 408),
(557, 'Trudno było; bo krzeseł dla gości nie stało,', 181),
(558, 'Na czterech ławach cztery ich rzędy siedziało:', 814),
(559, 'Trzeba było rzęd ruszyć lub ławę przeskoczyć;', 12),
(560, 'Zręcznie między dwie ławy umiała się wtłoczyć,', 814),
(561, 'A potem, między rzędem siedzących i stołem,', 645),
(562, 'Jak bilardowa kula toczyła się kołem.', 195),
(563, 'W biegu dotknęła blisko naszego młodziana;', 555),
(564, 'Uczepiwszy falbaną o czyjeś kolana,', 735),
(565, 'Pośliznęła się nieco i w tym roztargnieniu', 777),
(566, 'Na pana Tadeusza wsparła się ramieniu.', 50),
(567, 'Przeprosiwszy go grzecznie, na miejscu swym siadła', 747),
(568, 'Pomiędzy nim i stryjem, ale nic nie jadła;', 231),
(569, 'Tylko się wachlowała, to wachlarza trzonek', 803),
(570, 'Kręciła, to kołnierzyk z brabanckich koronek', 33),
(571, 'Poprawiała, to lekkim dotknięciem się ręki', 164),
(572, 'Muskała włosów pukle i wstąg jasnych pęki.', 283),
(573, '    Ta przerwa rozmów trwała już minut ze cztery.', 663),
(574, 'Tymczasem, w końcu stoła, naprzód ciche szmery,', 128),
(575, 'A potem się zaczęły wpół głośne rozmowy;', 778),
(576, 'Mężczyźni rozsądzali swe dzisiejsze łowy.', 249),
(577, 'Asesora z Rejentem wzmogła się uparta', 660),
(578, 'Coraz głośniejsza kłótnia o kusego charta,', 760),
(579, 'Którego posiadaniem pan Rejent się szczycił', 517),
(580, 'I utrzymywał, że on zająca pochwycił;', 515),
(581, 'Asesor zaś dowodził na złość Rejentowi,', 258),
(582, 'Że ta chwała należy chartu Sokołowi.', 746),
(583, 'Pytano zdania innych; więc wszyscy dokoła', 31),
(584, 'Brali stronę Kusego albo też Sokoła,', 276),
(585, 'Ci jak znawcy, ci znowu jak naoczne świadki.', 634),
(586, 'Sędzia na drugim końcu do nowej sąsiadki', 725),
(587, 'Rzekł półgłosem: «Przepraszam, musieliśmy siadać,', 25),
(588, 'Nie podobna wieczerzy na później odkładać:', 676),
(589, 'Goście głodni, chodzili daleko na pole;', 344),
(590, 'Myśliłem, że dziś z nami nie będziesz przy stole».', 653),
(591, 'To rzekłszy, z Podkomorzym przy pełnym kielichu', 315),
(592, 'O politycznych sprawach rozmawiał po cichu.', 288),
(593, '    Gdy tak były zajęte stołu strony obie,', 1),
(594, 'Tadeusz przyglądał się nieznanej osobie.', 412),
(595, 'Przypomniał, że za pierwszym na miejsce wejrzeniem', 13),
(596, 'Odgadnął zaraz, czyim miało być siedzeniem.', 391),
(597, 'Rumienił się, serce mu biło nadzwyczajnie:', 748),
(598, 'Więc rozwiązane widział swych domysłów tajnie!', 85),
(599, 'Więc było przeznaczono, by przy jego boku', 551),
(600, 'Usiadła owa piękność widziana w pomroku!', 224),
(601, 'Wprawdzie zdała się teraz wzrostem dorodniejsza,', 796),
(602, 'Bo ubrana, a ubiór powiększa i zmniejsza.', 80),
(603, 'I włos u tamtej widział krótki, jasnozłoty,', 56),
(604, 'A u tej krucze długie zwijały się sploty?', 366),
(605, 'Kolor musiał pochodzić od słońca promieni,', 208),
(606, 'Którymi przy zachodzie wszystko się czerwieni.', 466),
(607, 'Twarzy wówczas nie dostrzegł, nazbyt rychło znikła;', 543),
(608, 'Ale myśl twarz nadobną odgadywać zwykła:', 675),
(609, 'Myślił, że pewnie miała czarniutkie oczęta,', 779),
(610, 'Białą twarz, usta kraśne jak wiśnie bliźnięta;', 808),
(611, 'U tej znalazł podobne oczy, usta, lica.', 492),
(612, 'W wieku może by była największa różnica:', 769),
(613, 'Ogrodniczka dziewczynką zdawała się małą,', 510),
(614, 'A pani ta niewiastą już w latach dojrzałą;', 810),
(615, 'Lecz młodzież o piękności metrykę nie pyta,', 361),
(616, 'Bo młodzieńcowi młodą jest każda kobiéta,', 471),
(617, 'Chłopcowi każda piękność zda się rówiennicą,', 318),
(618, 'A niewinnemu każda kochanka dziewicą.', 277),
(619, '    Tadeusz, chociaż liczył lat blisko dwadzieście,', 156),
(620, 'I od dzieciństwa mieszkał w Wilnie, wielkim mieście,', 693),
(621, 'Miał za dozorcę księdza, który go pilnował', 576),
(622, 'I w dawnej surowości prawidłach wychował.', 672),
(623, 'Tadeusz zatem przywiózł w strony swe rodzinne', 818),
(624, 'Duszę czystą, myśl żywą i serce niewinne,', 252),
(625, 'Ale razem niemałą chętkę do swawoli.', 49),
(626, 'Z góry już robił projekt, że sobie pozwoli', 564),
(627, 'Używać na wsi długo wzbronionej swobody;', 69),
(628, 'Wiedział, że był przystojny, czuł się rześki, młody,', 66),
(629, 'A w spadku po rodzicach wziął czerstwość i zdrowie.', 574),
(630, 'Nazywał się Soplica: wszyscy Soplicowie', 350),
(631, 'Są, jak wiadomo, krzepcy, otyli i silni,', 382),
(632, 'Do żołnierki jedyni, w naukach mniej pilni.', 330),
(633, '    Tadeusz się od przodków swoich nie odrodził:', 417),
(634, 'Dobrze na koniu jeździł, pieszo dzielnie chodził,', 89),
(635, 'Tępy nie był, lecz mało w naukach postąpił,', 585),
(636, 'Choć stryj na wychowanie niczego nie skąpił;', 664),
(637, 'On wolał z flinty strzelać albo szablą robić.', 28),
(638, 'Wiedział, że go myślano do wojska sposobić,', 816),
(639, 'Że ojciec w testamencie wyrzekł taką wolę;', 173),
(640, 'Ustawicznie do bębna tęsknił, siedząc w szkole.', 168),
(641, 'Ale stryj nagle pierwsze zamiary odmienił,', 214),
(642, 'Kazał, aby przyjechał i aby się żenił', 180),
(643, 'I objął gospodarstwo; przyrzekł na początek', 691),
(644, 'Dać małą wieś, a potem cały swój majątek.', 19),
(645, '    Te wszystkie Tadeusza cnoty i zalety', 23),
(646, 'Ściągnęły wzrok sąsiadki, uważnej kobiety.', 175),
(647, 'Zmierzyła jego postać kształtną i wysoką,', 433),
(648, 'Jego ramiona silne, jego pierś szeroką,', 443),
(649, 'I w twarz spojrzała, z której wytryskał rumieniec,', 737),
(650, 'Ilekroć z jej oczyma spotkał się młodzieniec:', 583),
(651, 'Bo z pierwszej lękliwości całkiem już ochłonął,', 46),
(652, 'I patrzył wzrokiem śmiałym, w którym ogień płonął.', 5),
(653, 'Również patrzyła ona: i cztery źrenice', 739),
(654, 'Gorzały przeciw sobie jak roratne świéce.', 260),
(655, '    Pierwsza z nim po francusku zaczęła rozmowę.', 484),
(656, 'Wracał z miasta, ze szkoły: więc o książki nowe,', 793),
(657, 'O autorów pytała Tadeusza zdania', 419),
(658, 'I ze zdań wyciągała na nowo pytania.', 153),
(659, 'Cóż, gdy potem zaczęła mówić o malarstwie,', 88),
(660, 'O muzyce, o tańcach, nawet o rzeźbiarstwie,', 761),
(661, 'Dowiodła, że zna równie pędzel, nuty, druki;', 219),
(662, 'Aż osłupiał Tadeusz na tyle nauki!', 560),
(663, 'Lękał się, by nie został pośmiewiska celem,', 812),
(664, 'I jąkał się jak żaczek przed nauczycielem.', 760),
(665, 'Szczęściem, że nauczyciel ładny i niesrogi;', 23),
(666, 'Odgadnęła sąsiadka powód jego trwogi,', 234),
(667, 'Wszczęła rzecz o mniej trudnych i mądrych przedmiotach,', 437),
(668, 'O wiejskiego pożycia nudach i kłopotach,', 294),
(669, 'I jak bawić się trzeba, i jak czas podzielić,', 187),
(670, 'By życie uprzyjemnić i wieś rozweselić.', 771),
(671, 'Tadeusz odpowiadał śmielej, szła rzecz daléj,', 390),
(672, 'W pół godziny już byli z sobą poufali;', 133),
(673, 'Zaczęli nawet małe żarciki i sprzeczki.', 706),
(674, 'W końcu, stawiła przed nim trzy z chleba gałeczki.', 441),
(675, 'Trzy osoby na wybór; wziął najbliższą sobie;', 246),
(676, 'Podkomorzanki na to zmarszczyły się obie,', 584),
(677, 'Sąsiadka zaśmiała się, lecz nie powiedziała', 308),
(678, 'Kogo owa szczęśliwsza gałka oznaczała.', 324),
(679, '    Inaczej bawiono się w drugim końcu stoła;', 60),
(680, 'Bo tam, wzmogłszy się nagle, stronnicy Sokoła', 285),
(681, 'Na partyję Kusego bez litości wsiedli.', 611),
(682, 'Spór był wielki, już potraw ostatnich nie jedli;', 247),
(683, 'Stojąc i pijąc obie kłóciły się strony,', 508),
(684, 'A najstraszniej pan Rejent był zacietrzewiony:', 810),
(685, 'Jak raz zaczął, bez przerwy rzecz swoją tokował,', 383),
(686, 'I gestami ją bardzo dobitnie malował.', 179),
(687, '(Był dawniej adwokatem pan Rejent Bolesta,', 565),
(688, 'Zwano go kaznodzieją, że zbyt lubił gesta).', 294),
(689, 'Teraz ręce przy boku miał, w tył wygiął łokcie,', 642),
(690, 'Spod ramion wytknął palce i długie paznokcie,', 641),
(691, 'Przedstawiając dwa smycze chartów tym obrazem:', 340),
(692, 'Właśnie rzecz kończył. «Wyczha! puściliśmy razem', 213),
(693, 'Ja i Asesor, razem, jakoby dwa kurki', 535),
(694, 'Jednym palcem spuszczone u jednej dwururki;', 453),
(695, 'Wyczha! poszli, a zając jak struna, smyk w pole,', 673),
(696, 'Psy tuż (to mówiąc, ręce ciągnął wzdłuż po stole', 380),
(697, 'I palcami ruch chartów przedziwnie udawał)', 747),
(698, 'Psy tuż, i hec od lasu odsadzili kawał;', 640),
(699, 'Sokół smyk naprzód; rączy pies, lecz zagorzalec,', 763),
(700, 'Wysadził się przed Kusym, o tyle, o palec:', 326),
(701, 'Wiedziałem, że spudłuje. Szarak, gracz nie lada,', 823),
(702, 'Czchał niby prosto w pole, za nim psów gromada;', 64),
(703, 'Gracz szarak! Skoro poczuł wszystkie charty w kupie', 660),
(704, 'Pstręk na prawo, koziołka, z nim w prawo psy głupie,', 691),
(705, 'A on znowu fajt w lewo, jak wytnie dwa susy,', 94),
(706, 'Psy za nim fajt na lewo: on w las, a mój Kusy', 647),
(707, 'Cap!» Tak krzycząc, pan Rejent na stół pochylony,', 246),
(708, 'Z palcami swymi zabiegł aż do drugiej strony,', 794),
(709, 'I «cap!» Tadeuszowi wrzasnął tuż nad uchem:', 569),
(710, 'Tadeusz i sąsiadka, tym głosu wybuchem', 117),
(711, 'Znienacka przestraszeni właśnie w pół rozmowy,', 295),
(712, 'Odstrychnęli od siebie mimowolnie głowy,', 407),
(713, 'Jako wierzchołki drzewa powiązane społem', 608),
(714, 'Gdy je wicher rozerwie; i ręce pod stołem', 459),
(715, 'Blisko siebie leżące wstecz nagle uciekły,', 136),
(716, 'I dwie twarze w jeden się rumieniec oblekły.', 265),
(717, '    Tadeusz, by nie zdradzić swego roztargnienia:', 283),
(718, '«Prawda — rzekł — mój Rejencie, prawda bez wątpienia,', 159),
(719, 'Kusy piękny chart z kształtu, jeśli równie chwytny…»', 799),
(720, '«Chwytny? — krzyknął pan Rejent — mój pies faworytny', 222),
(721, 'Żeby nie miał być chwytny?…» Więc Tadeusz znowu', 321),
(722, 'Cieszył się, że tak piękny pies nie ma narowu,', 530),
(723, 'Żałował, że go tylko widział idąc z lasu,', 806),
(724, 'I że przymiotów jego poznać nie miał czasu.', 430),
(725, '    Na to zadrżał Asesor, puścił z rąk kieliszek,', 804),
(726, 'Utopił w Tadeusza wzrok jak bazyliszek.', 655),
(727, 'Asesor mniej krzykliwy i mniej był ruchawy', 67),
(728, 'Od Rejenta, szczuplejszy i mały z postawy,', 518),
(729, 'Lecz straszny na reducie, balu i sejmiku,', 1),
(730, 'Bo powiadano o nim: ma żądło w języku;', 49),
(731, 'Tak dowcipne żarciki umiał komponować,', 534),
(732, 'Iżby je w kalendarzu można wydrukować,', 663),
(733, 'Wszystkie złośliwe, ostre. Dawniej człek dostatni,', 538),
(734, 'Schedę ojca swojego i majątek bratni', 260),
(735, 'Wszystko strwonił na wielkim figurując świecie;', 154),
(736, 'Teraz wszedł w służbę rządu, by znaczyć w powiecie.', 443),
(737, 'Lubił bardzo myślistwo, już to dla zabawy,', 363),
(738, 'Już to że odgłos trąbki i widok obławy', 417),
(739, 'Przypominał mu jego lata młodociane,', 571),
(740, 'Kiedy miał strzelców licznych i psy zawołane:', 511),
(741, 'Teraz mu z całej psiarni dwa charty zostały,', 197),
(742, 'I jeszcze z tych jednemu chciano przeczyć chwały!', 221),
(743, 'Więc zbliżył się i z wolna gładząc faworyty', 587),
(744, 'Rzekł z uśmiechem, a był to uśmiech jadowity:', 368),
(745, '«Chart bez ogona jest jak szlachcic bez urzędu,', 401),
(746, 'Ogon też znacznie chartom pomaga do pędu:', 398),
(747, 'A pan kusość uważasz za dowód dobroci?', 538),
(748, 'Zresztą zdać się możemy na sąd pańskiej cioci.', 630),
(749, 'Choć pani Telimena mieszkała w stolicy', 313),
(750, 'I bawi się niedawno w naszej okolicy,', 684),
(751, 'Lepiej zna się na łowach niż myśliwi młodzi:', 310),
(752, 'Tak to nauka sama z latami przychodzi».', 804),
(753, '    Tadeusz, na którego niespodzianie spadał', 48),
(754, 'Grom taki, wstał zmieszany, chwilę nic nie gadał,', 534),
(755, 'Lecz patrzał na rywala coraz straszniej, srożej…', 95),
(756, 'Wtem, wielkim szczęściem, dwakroć kichnął Podkomorzy', 730),
(757, '«Wiwat!» krzyknęli wszyscy; on się wszystkim skłonił', 159),
(758, 'I z wolna w tabakierę palcami zadzwonił.', 181),
(759, 'Tabakiera ze złota, z brylantów oprawa,', 634),
(760, 'A w środku jej był portret króla Stanisława.', 96),
(761, 'Ojcu Podkomorzego sam król ją darował,', 129),
(762, 'Po ojcu Podkomorzy godnie ją piastował;', 522),
(763, 'Gdy w nią dzwonił, znak dawał, że miał głos zabierać.', 11),
(764, 'Umilkli wszyscy i ust nie śmieli otwierać.', 416),
(765, 'On rzekł: «Wielmożni szlachta bracia dobrodzieje,', 658),
(766, 'Forum myśliwskim tylko są łąki i knieje;', 791),
(767, 'Więc ja w domu podobnych spraw nie decyduję,', 493),
(768, 'I posiedzenie nasze na jutro solwuję,', 301),
(769, 'I dalszych replik stronom dzisiaj nie dozwolę.', 688),
(770, 'Woźny! odwołaj sprawę, na jutro na pole.', 806),
(771, 'Jutro i Hrabia z całym myślistwem tu zjedzie,', 42),
(772, 'I waszeć z nami ruszysz, Sędzio mój sąsiedzie,', 628),
(773, 'I pani Telimena, i panny, i panie,', 54),
(774, 'Słowem, zrobim na urząd wielkie polowanie;', 801),
(775, 'I Wojski towarzystwa nam też nie odmówi».', 56),
(776, 'To mówiąc, tabakierę podawał starcowi.', 244),
(777, '    Wojski na ostrym końcu śród myśliwych siedział,', 280),
(778, 'Słuchał zmrużywszy oczy, słowa nie powiedział,', 441),
(779, 'Choć młodzież nieraz jego zasięgała zdania,', 589),
(780, 'Bo nikt lepiej nad niego nie znał polowania.', 199),
(781, 'On milczał, szczyptę wziętą z tabakiery ważył', 502),
(782, 'W palcach i długo dumał, nim ją w końcu zażył;', 521),
(783, 'Kichnął, aż cała izba rozległa się echem,', 664),
(784, 'I potrząsając głową, rzekł z gorzkim uśmiechem:', 510),
(785, '«O, jak mnie to starego i smuci, i dziwi!', 549),
(786, 'Cóż by to o tym starzy mówili myśliwi,', 225),
(787, 'Widząc że w tylu szlachty, w tylu panów gronie,', 675),
(788, 'Mają sądzić się spory o charcim ogonie?', 569),
(789, 'Cóż by rzekł na to stary Rejtan, gdyby ożył?', 289),
(790, 'Wróciłby do Lachowicz i w grób się położył!', 82),
(791, 'Co by rzekł wojewoda Niesiołowski stary,', 336),
(792, 'Który ma dotąd pierwsze na świecie ogary,', 665),
(793, 'I dwiestu strzelców trzyma obyczajem pańskim,', 14),
(794, 'I ma sto wozów sieci w zamku Worończańskim,', 544),
(795, 'A od tylu lat siedzi jak mnich na swym dworze,', 228),
(796, 'Nikt go na polowanie uprosić nie może,', 714),
(797, 'Białopiotrowiczowi samemu odmówił!', 214),
(798, 'Bo cóż by on na waszych polowaniach łowił?', 290),
(799, 'Piękna byłaby sława, ażeby pan taki', 379),
(800, 'Wedle dzisiejszej mody jeździł na szaraki!', 587),
(801, 'Za moich, panie, czasów, w języku strzeleckim,', 786),
(802, 'Dzik, niedźwiedź, łoś, wilk, zwany był zwierzem szlacheckim', 67),
(803, 'A zwierzę niemające kłów, rogów, pazurów,', 286),
(804, 'Zostawiano dla płatnych sług i dworskich ciurów;', 552),
(805, 'Żaden pan nigdy przyjąć nie chciałby do ręki', 315),
(806, 'Strzelby, którą zhańbiono sypiąc w nią śrut cienki!', 437),
(807, 'Trzymano wprawdzie chartów: bo z łowów wracając,', 120),
(808, 'Trafia się, że spod konia mknie się biedak zając:', 817),
(809, 'Puszczano wtenczas za nim dla zabawki smycze', 433),
(810, 'I na konikach małe goniły panicze', 98),
(811, 'Przed oczyma rodziców, którzy te pogonie', 159),
(812, 'Ledwie raczyli widzieć, cóż kłócić się o nie!', 668),
(813, 'Więc niech jaśnie wielmożny Podkomorzy raczy', 621),
(814, 'Odwołać swe rozkazy i niech mi wybaczy,', 479),
(815, 'Że nie mogę na takie jechać polowanie,', 428),
(816, 'I nigdy na nim noga moja nie postanie!', 297),
(817, 'Nazywam się Hreczecha, a od króla Lecha,', 770),
(818, 'Żaden za zającami nie jeździł Hreczecha».', 337),
(819, '    Tu śmiech młodzieży mowę Wojskiego zagłuszył.', 364),
(820, 'Wstano od stołu, pierwszy Podkomorzy ruszył,', 188),
(821, 'Z wieku mu i z urzędu ten zaszczyt należy,', 26),
(822, 'Idąc kłaniał się damom, starcom i młodzieży;', 544),
(823, 'Za nim szedł kwestarz, Sędzia tuż przy bernardynie.', 218),
(824, 'Sędzia u progu rękę dał Podkomorzynie,', 801),
(825, 'Tadeusz Telimenie, Asesor Krajczance,', 290),
(826, 'A pan Rejent na końcu Wojskiej Hreczeszance.', 339),
(827, '    Tadeusz z kilku gośćmi poszedł do stodoły,', 357),
(828, 'A czuł się pomieszany, zły i niewesoły.', 800),
(829, 'Rozbierał myślą wszystkie dzisiejsze wypadki:', 177),
(830, 'Spotkanie się, wieczerzę przy boku sąsiadki;', 532),
(831, 'A szczególniej mu słowo «ciocia» koło ucha', 760),
(832, 'Brzęczało ciągle jako naprzykrzona mucha.', 744),
(833, 'Pragnąłby u Woźnego lepiej się wypytać', 320),
(834, 'O pani Telimenie, lecz go nie mógł schwytać;', 141),
(835, 'Wojskiego też nie widział, bo zaraz z wieczerzy', 448),
(836, 'Wszyscy poszli za gośćmi, jak sługom należy,', 785),
(837, 'Urządzając we dworze izby do spoczynku.', 681),
(838, 'Starsi i damy spały we dworskim budynku;', 107),
(839, 'Młodzież Tadeuszowi prowadzić kazano,', 204),
(840, 'W zastępstwie gospodarza, w stodołę na siano.', 402),
(841, '    W pół godziny tak było głucho w całym dworze', 179),
(842, 'jako po zadzwonieniu na pacierz w klasztorze;', 789),
(843, 'Ciszę przerywał tylko głos nocnego stróża.', 300),
(844, 'Usnęli wszyscy. Sędzia sam oczu nie zmruża;', 393),
(845, 'Jako wódz gospodarstwa obmyśla wyprawę', 255),
(846, 'W pole i w domu przyszłą urządza zabawę.', 371),
(847, 'Dał rozkaz ekonomom, wójtom i gumiennym,', 127),
(848, 'Pisarzom, ochmistrzyni, strzelcom i stajennym', 482),
(849, 'I musiał wszystkie dzienne rachunki przezierać.', 409),
(850, 'Nareszcie rzekł Woźnemu, że się chce rozbierać.', 352),
(851, 'Woźny pas mu odwiązał, pas słucki, pas lity,', 233),
(852, 'Przy którym świecą gęste kutasy jak kity,', 483),
(853, 'Z jednej strony złotogłów w purpurowe kwiaty,', 113),
(854, 'Na wywrót jedwab czarny posrebrzany w kraty;', 459),
(855, 'Pas taki można równie kłaść na strony obie,', 438),
(856, 'Złotą na dzień galowy, a czarną w żałobie.', 3),
(857, 'Sam Woźny umiał pas ten odwiązywać, składać;', 10),
(858, 'Właśnie tym się zatrudniał i kończył tak gadać:', 77),
(859, '    «Cóż złego, że przeniosłem stoły do zamczyska?', 252),
(860, 'Nikt na tym nic nie stracił, a pan może zyska.', 567),
(861, 'Bo przecież o ten zamek dziś toczy się sprawa.', 383),
(862, 'My od dzisiaj do zamku nabyliśmy prawa', 98),
(863, 'I mimo całą strony przeciwnej zajadłość', 518),
(864, 'Dowiodę, że zamczysko wzięliśmy w posiadłość.', 484),
(865, 'Wszakże kto gości prosi w zamek na wieczerzę,', 579),
(866, 'Dowodzi, że posiadłość tam ma albo bierze;', 576),
(867, 'Nawet strony przeciwne weźmiemy na świadki:', 100),
(868, 'Pamiętam za mych czasów podobne wypadki».', 264),
(869, '    Już Sędzia spał. Więc Woźny cicho wszedł do sieni,', 46),
(870, 'Siadł przy świecy i dobył książeczkę z kieszeni,', 331),
(871, 'Która mu jak Ołtarzyk Złoty zawsze służy,', 821),
(872, 'Której nigdy nie rzuca w domu i w podróży.', 161),
(873, 'Była to trybunalska wokanda: tam rzędem', 240),
(874, 'Stały spisane sprawy, które przed urzędem', 166),
(875, 'Woźny sam głosem swoim przed laty wywołał,', 333),
(876, 'Albo o których później dowiedzieć się zdołał.', 499),
(877, 'Prostym ludziom wokanda zda się imion spisem;', 444),
(878, 'Woźnemu jest obrazów wspaniałych zarysem.', 460),
(879, 'Czytał więc i rozmyślał: Ogiński z Wizgirdem,', 608),
(880, 'Dominikanie z Rymszą, Rymsza z Wysogirdem,', 602),
(881, 'Radziwił z Wereszczaką, Giedroić z Rdułtowskim,', 114),
(882, 'Obuchowicz z kahałem, Juraha z Piotrowskim,', 597),
(883, 'Maleski z Mickiewiczem, a na koniec Hrabia', 71),
(884, 'Z Soplicą; i czytając, z tych imion wywabia', 650),
(885, 'Pamięć spraw wielkich, wszystkie procesu wypadki,', 214),
(886, 'I stają mu przed oczy sąd, strony i świadki;', 585),
(887, 'I ogląda sam siebie, jak w żupanie białym,', 323),
(888, 'W granatowym kontuszu stał przed trybunałem,', 616),
(889, 'Jedna ręka na szabli, a druga do stoła,', 459),
(890, 'Przywoławszy dwie strony, «Uciszcie się!» woła.', 185),
(891, 'Marząc i kończąc pacierz wieczorny, pomału', 186),
(892, 'Usnął ostatni w Litwie woźny trybunału.', 508),
(893, '    Takie były zabawy, spory w one lata', 604),
(894, 'Śród cichej wsi litewskiej, kiedy reszta świata', 213),
(895, 'We łzach i krwi tonęła; gdy ów mąż, bóg wojny,', 177),
(896, 'Otoczon chmurą pułków, tysiącem dział zbrojny,', 821),
(897, 'Wprzągłszy w swój rydwan orły złote obok srebrnych,', 450),
(898, 'Od puszcz Libijskich łatał do Alpów podniebnych,', 90),
(899, 'Ciskając grom po gromie, w Piramidy, w Tabor,', 298),
(900, 'W Marengo, w Ulm, w Austerlitz. Zwycięstwo i Zabor', 133),
(901, 'Biegły przed nim i za nim. Sława czynów tylu,', 778),
(902, 'Brzemienna imionami rycerzy, od Nilu', 22),
(903, 'Szła hucząc ku północy, aż u Niemna brzegów', 652),
(904, 'Odbiła się, jak od skał, od Moskwy szeregów,', 26),
(905, 'Które broniły Litwę murami żelaza', 764),
(906, 'Przed wieścią dla Rosyi straszną jak zaraza.', 354),
(907, '    Przecież nieraz nowina niby kamień z nieba', 126),
(908, 'Spadała w Litwę. Nieraz dziad żebrzący chleba,', 334),
(909, 'Bez ręki lub bez nogi, przyjąwszy jałmużnę,', 768),
(910, 'Stanął i oczy wkoło obracał ostróżne.', 63),
(911, 'Gdy nie widział we dworze rosyjskich żołnierzy', 652),
(912, 'Ani jarmułek, ani czerwonych kołnierzy,', 21),
(913, 'Wtenczas kim był, wyznawał: był legijonistą,', 661),
(914, 'Przynosi kości stare na ziemię ojczystą,', 168),
(915, 'Której już bronić nie mógł… Jak go wtenczas cała', 626),
(916, 'Rodzina pańska, jak go czeladka ściskała,', 731),
(917, 'Zanosząc się od płaczu! On za stołem siadał', 614),
(918, 'I dziwniejsze od baśni historyje gadał.', 268),
(919, 'On opowiadał, jako jenerał Dąbrowski,', 597),
(920, 'Z ziemi włoskiej stara się przyciągnąć do Polski,', 491),
(921, 'Jak on rodaków zbiera na lombardzkim polu;', 664),
(922, 'Jak Kniaziewicz rozkazy daje z Kapitolu', 389),
(923, 'I zwycięzca, wydartych potomkom cezarów', 530),
(924, 'Rzucił w oczy Francuzów sto krwawych sztandarów,', 315),
(925, 'Jak Jabłonowski zabiegł, aż kędy pieprz rośnie,', 648),
(926, 'Gdzie się cukier wytapia i gdzie w wiecznej wiośnie', 802),
(927, 'Pachnące kwitną lasy; z legiją Dunaju', 98),
(928, 'Tam wódz Murzyny gromi, a wzdycha do kraju.', 143),
(929, '    Mowy starca krążyły we wsi po kryjomu;', 116),
(930, 'Chłopiec, co je posłyszał, znikał nagle z domu,', 143),
(931, 'Lasami i bagnami skradał się tajemnie,', 71),
(932, 'Ścigany od Moskali, skakał kryć się w Niemnie', 404),
(933, 'I nurkiem płynął na brzeg Księstwa Warszawskiego,', 412),
(934, 'Gdzie usłyszał głos miły: «Witaj nam kolego!»', 592),
(935, 'Lecz nim odszedł, wyskoczył na wzgórek z kamienia', 444),
(936, 'I Moskalom przez Niemen rzekł: «Do zobaczenia!»', 403),
(937, 'Tak przekradł się Gorecki, Pac i Obuchowicz,', 95),
(938, 'Piotrowski, Obolewski, Rożycki, Janowicz,', 807),
(939, 'Mierzejewscy, Brochocki i Bernatowicze,', 749),
(940, 'Kupść, Gedymin i inni, których nie policzę:', 250),
(941, 'Opuszczali rodziców i ziemię kochaną,', 531),
(942, 'I dobra, które na skarb carski zabierano.', 175),
(943, '    Czasem do Litwy kwestarz z obcego klasztoru', 800),
(944, 'Przyszedł, i kiedy bliżej poznał panów dworu,', 294),
(945, 'Gazetę im pokazał, wyprutą z szkaplerza.', 811),
(946, 'Tam stała wypisana i liczba żołnierza,', 103),
(947, 'I nazwisko każdego wodza legijonu,', 143),
(948, 'I każdego z nich opis zwycięstwa lub zgonu.', 179),
(949, 'Po wielu latach pierwszy raz miała rodzina', 5),
(950, 'Wieść o życiu, o chwale i o śmierci syna;', 103),
(951, 'Brał dom żałobę, ale powiedzieć nie śmiano', 185),
(952, 'Po kim była żałoba, tylko zgadywano', 702),
(953, 'W okolicy; i tylko cichy smutek panów,', 419),
(954, 'Lub cicha radość, była gazetą ziemianów.', 23),
(955, '    Takim kwestarzem tajnym był Robak podobno:', 603),
(956, 'Często on z panem Sędzią rozmawiał osobno;', 110),
(957, 'Po tych rozmowach zawsze jakowaś nowina', 632),
(958, 'Rozeszła się w sąsiedztwie. Postać bernardyna', 544),
(959, 'Wydawała, że mnich ten nie zawsze w kapturze', 45),
(960, 'Chodził i nie w klasztornym zestarzał się murze.', 358),
(961, 'Miał on nad prawym uchem, nieco wyżej skroni,', 374),
(962, 'Bliznę, wyciętej skóry na szerokość dłoni,', 783),
(963, 'I w brodzie ślad niedawny lancy lub postrzału;', 489),
(964, 'Ran tych nie dostał pewnie przy czytaniu mszału.', 512),
(965, 'Ale nie tylko groźne wejrzenie i blizny,', 239),
(966, 'Lecz sam ruch i głos jego miał coś żołnierszczyzny.', 604),
(967, '    Przy mszy, gdy z wzniesionymi zwracał się rękami', 110),
(968, 'Od ołtarza do ludu, by mówić: «Pan z wami»,', 111),
(969, 'To nieraz tak się zręcznie skręcił jednym razem,', 79),
(970, 'Jakby prawo w tył robił za wodza rozkazem,', 348),
(971, 'I słowa liturgii takim wyrzekł tonem', 477),
(972, 'Do ludu, jak oficer stojąc przed szwadronem:', 357),
(973, 'Postrzegali to chłopcy służący mu do mszy.', 456),
(974, 'Spraw także politycznych był Robak świadomszy,', 14),
(975, 'Niźli żywotów świętych; a jeżdżąc po kweście,', 267),
(976, 'Często zastanawiał się w powiatowym mieście.', 183),
(977, 'Miał pełno interesów: to listy odbierał,', 601),
(978, 'Których nigdy przy obcych ludziach nie otwierał,', 29),
(979, 'To wysyłał posłańców, ale gdzie i po co', 525),
(980, 'Nie powiadał; częstokroć wymykał się nocą', 733),
(981, 'Do dworów pańskich, z szlachtą ustawicznie szeptał,', 468),
(982, 'I okoliczne wioski dokoła wydeptał,', 261),
(983, 'I w karczmach z wieśniakami rozprawiał niemało,', 767),
(984, 'A zawsze o tym, co się w cudzych krajach działo.', 599),
(985, 'Teraz Sędziego, który już spał od godziny,', 312),
(986, 'Przychodzi budzić; pewnie ma jakieś nowiny.', 406),
(987, 'Księga druga', 595),
(988, 'Zamek', 368),
(989, 'Kto z nas tych lat nie pomni, gdy, młode pacholę,', 401),
(990, 'Ze strzelbą na ramieniu świszcząc szedł na pole,', 585),
(991, 'Gdzie żaden wał, płot żaden nogi nie utrudza,', 741),
(992, 'Gdzie, przestępując miedzę, nie poznasz, że cudza!', 154),
(993, 'Bo na Litwie myśliwiec jak okręt na morzu,', 441),
(994, 'Gdzie chcesz, jaką chcesz drogą, buja po przestworzu:', 403),
(995, 'Czyli jak prorok patrzy w niebo, gdzie w obłoku', 135),
(996, 'Wiele jest znaków widnych strzeleckiemu oku;', 477),
(997, 'Czy jak czarownik gada z ziemią, która, głucha', 71),
(998, 'Dla mieszczan, mnóstwem głosów szepce mu do ucha.', 56),
(999, 'Tam derkacz wrzasnął z łąki, szukać go daremnie,', 43),
(1000, 'Bo on szybuje w trawie jako szczupak w Niemnie;', 748),
(1001, 'Tam ozwał się nad głową ranny wiosny dzwonek,', 184),
(1002, 'Również głęboko w niebie schowany skowronek;', 324),
(1003, 'Ówdzie orzeł szerokim skrzydłem przez obszary', 144),
(1004, 'Zaszumiał, strasząc wróble, jak kometa cary;', 275),
(1005, 'Zaś jastrząb, pod jasnymi wiszący błękity,', 701),
(1006, 'Trzepie skrzydłem jak motyl na szpilce przybity,', 154),
(1007, 'Aż ujrzawszy wśród łąki ptaka lub zająca,', 672),
(1008, 'Runie nań z góry jako gwiazda spadająca.', 198),
(1009, '    Kiedyż nam Pan Bóg wrócić z wędrówki dozwoli,', 565),
(1010, 'I znowu dom zamieszkać na ojczystej roli,', 377),
(1011, 'I służyć w jeździe, która wojuje szaraki,', 355),
(1012, 'Albo w piechocie, która nosi broń na ptaki,', 455),
(1013, 'Nie znać innych prócz kosy i sierpa rynsztunków,', 748),
(1014, 'I innych gazet, oprócz domowych rachunków!', 732),
(1015, '    Nad Soplicowem słońce weszło i już padło', 211),
(1016, 'Na strzechy i przez szpary w stodołę się wkradło;', 624),
(1017, 'I po ciemnozielonym, świeżym, wonnym sianie,', 132),
(1018, 'Z którego młodzież sobie zrobiła posłanie,', 269),
(1019, 'Rozpływały się złote, migające pręgi', 669),
(1020, 'Z otworu czarnej strzechy jak z warkocza wstęgi;', 527),
(1021, 'I słońce usta sennych promykiem poranka', 72),
(1022, 'Drażni jak dziewczę kłosem budzące kochanka.', 737),
(1023, 'Już wróble skacząc, świerkać zaczęły pod strzechą;', 435),
(1024, 'Już trzykroć gęgnął gąsior, a za nim jak echo', 693),
(1025, 'Odezwały się chórem kaczki i indyki', 787),
(1026, 'I słychać bydła w pole idącego ryki.', 36),
(1027, '    Wstała młodzież. Tadeusz jeszcze senny leży;', 188),
(1028, 'Bo też najpóźniej zasnął. Z wczorajszej wieczerzy', 414),
(1029, 'Wrócił tak niespokojny, że o kurów pianiu', 699),
(1030, 'Jeszcze oczu nie zmrużył, a na swym posłaniu', 566),
(1031, 'Tak kręcił się, że w siano jak w wodę utonął,', 317),
(1032, 'I spał twardo, aż zimny wiatr w oczy mu wionął,', 667),
(1033, 'Gdy skrzypiące stodoły drzwi otwarto z trzaskiem,', 758),
(1034, 'I bernardyn, ksiądz Robak, wszedł z węzlastym paskiem,', 179),
(1035, '«Surge puer!» wołając i ponad barkami', 392),
(1036, 'Rubasznie wywijając pasek z ogórkami.', 299),
(1037, '    Już na dziedzińcu słychać myśliwskie okrzyki;', 755),
(1038, 'Wyprowadzają konie, zajeżdżają bryki,', 130),
(1039, 'Ledwie dziedziniec taką gromadę ogarnie,', 214),
(1040, 'Odezwały się trąby, otworzono psiarnie;', 196),
(1041, 'Zgraja chartów, wypadłszy, wesoło skowycze;', 526),
(1042, 'Widząc rumaki szczwaczów, dojeżdżaczów smycze,', 578),
(1043, 'Psy jak szalone cwałem śmigają po dworze,', 736),
(1044, 'Potem biegną i kładą szyje na obroże:', 692),
(1045, 'Wszystko to bardzo dobre polowanie wróży;', 455),
(1046, 'Nareszcie Podkomorzy dał rozkaz podróży.', 539),
(1047, '    Ruszyli szczwacze z wolna, jeden tuż za drugim;', 133),
(1048, 'Ale za bramą rzędem rozbiegli się długim.', 593),
(1049, 'W środku jechali obok Asesor z Rejentem;', 459),
(1050, 'A choć na siebie czasem patrzyli ze wstrętem,', 101),
(1051, 'Rozmawiali przyjaźnie, jak ludzie honoru', 673),
(1052, 'Idąc na rozstrzygnienie śmiertelnego sporu:', 170),
(1053, 'Nikt ze słów zawziętości ich poznać nie zdoła;', 644),
(1054, 'Pan Rejent wiódł Kusego, Asesor Sokoła.', 680),
(1055, 'Z tyłu damy w pojazdach; młodzieńcy, stronami', 562),
(1056, 'Cwałując tuż przy kołach, gadali z damami.', 799),
(1057, '    Ksiądz Robak po dziedzińcu wolnym chodził krokiem', 808),
(1058, 'Kończąc ranne pacierze; ale rzucał okiem', 593),
(1059, 'Na pana Tadeusza, marszczył się, uśmiechał,', 739),
(1060, 'Wreszcie kiwnął nań palcem, Tadeusz podjechał;', 469),
(1061, 'Robak palcem po nosie dawał mu znak groźby:', 751),
(1062, 'Lecz mimo Tadeusza pytania i prośby,', 706),
(1063, 'Ażeby mu wyraźnie, co chce, wytłumaczył,', 808),
(1064, 'Bernardyn odpowiedzieć ni spojrzeć nie raczył;', 327),
(1065, 'Kaptur tylko nasunął i pacierz swój kończył,', 150),
(1066, 'Więc Tadeusz odjechał i z gośćmi się złączył.', 671),
(1067, '    Właśnie wtenczas myśliwi smycze zatrzymali,', 236),
(1068, 'I wszyscy nieruchomi w miejscach swoich stali;', 335),
(1069, 'Jeden drugiemu ręką dawał znak milczenia,', 490),
(1070, 'A wszyscy obrócili oczy do kamienia,', 148),
(1071, 'Nad którym stał pan Sędzia. On zwierza obaczył', 644);
  
ALTER TABLE `comments`
  MODIFY `id` int(11) NOT NULL AUTO_INCREMENT, AUTO_INCREMENT=1072;